id,text,label1,label2,label3
N1021,牙牙卡卡竟然對這篇起反應,0,0,0
N282,就是因為有人這樣想，然後去開車，然後路上才會塞,0,0,0
N1228,大概是雙吧 進化人種,0,0,0
A134,明年也預計要去英國唸書，超想找像這種有小廚房的套房,1,0,0
B156,價值觀 不合 的 話 ， 別 說 彼此 分享 生活 開心 的 聊天 了 ， 就 連 溝通 都 很 難 ,0,1,0
N1652,機器人也怕滑倒,0,0,0
N1417,沒有關鍵字，無法修護,0,0,0
N1333,館長vs館長,0,0,0
N1092,太誇張了 真的,0,0,0
B233,你 覺得 讀 大學 有用 嗎 ? ,0,1,0
N601,可以去賭場削一筆 但要記得給他吃正確的巧克力,0,0,0
N1779,看看韓國好嗎  … 台灣甚麼贏過韓國,0,0,0
N379,熱狗 鹽酥雞 雞心 魷魚  芋頭條 杏鮑菇,0,0,0
N732,打電話問李逍遙問看看~~~~~~~~,0,0,0
N223,沒別的事可做了？？,0,0,0
N795,一葛竹圍肥宅虎爛出來的都市傳說,0,0,0
N1289,你沒有妹妹,0,0,0
N861,大貓迷姦 我知道你想釣這個關鍵字,0,0,0
N1720,好喔!請支持廢除死刑!,0,0,0
N1439,宵夜我覺得就很好了...再來就是不要吵他吧~,0,0,0
N806,看著旁邊正妹邊打手槍邊睡,0,0,0
N390,應該問哪個流派 巴爾死最快,0,0,0
N72,牛番茄的種子像貓屎咖啡一樣都是拉出來的,0,0,0
A71,包包 很 好看 ～～ ！ ,1,0,0
N675,沒本事去美國的魯蛇又要開始眼紅？,0,0,0
N582,到場後老闆就拉你到廁所 把拉鏈拉下 QQ,0,0,0
N1574,留學版有一葛人的故事很有名,0,0,0
B290,這真的太扯了,0,1,0
N1718,反正台灣就這樣嘛 無所謂了啦,0,0,0
N1669,身邊都是姆咪素質比較低,0,0,0
N1823,各位要小心 已有集團開始掠奪懶覺了,0,0,0
N514,當然是A T只是走在她後面想辦法努力追而已,0,0,0
N1453,要教語文就好好教，不要把語言跟文學搞在一起,0,0,0
N1205,要注意一下，我表姐之前也是這樣，然後他,0,0,0
N697,台灣天團 蹦蛙娛樂,0,0,0
N766,喜歡你溫暖的問卦,0,0,0
N742,喂 國人？,0,0,0
N1756,未看先猜是john nash的故事,0,0,0
N863,主題曲催下去！,0,0,0
N1247,新聞 四成大學生無戀愛經驗,0,0,0
N43,該停止往,0,0,0
A13,我今天遇到一個超怪的人,1,0,0
A37,有沒有喜歡哪位明星？,1,0,0
N1586,亮亮可不可以說一下現在版標又是在姆咪啥小,0,0,0
N86,比賽中可以拉筋,0,0,0
N640,我夢想當馬英九,0,0,0
N391,減肥好嗎？,0,0,0
N564,7你是女的還是男的/,0,0,0
A88,準備要回家了,1,0,0
A76,這樣 的 穿搭 可以 遮掉 腿 ， 也 可以 像 仙女 一樣 、 很 氣質 的 ！ ,1,0,0
N31,完全不能理解他們的想法,0,0,0
N118,沒學歷不會讀書就去做工，就這樣，沒什好講的,0,0,0
N995,當然是理組 血肉機器人被金屬機器人取代也是正常的,0,0,0
N1500,拾獲蔡英文再爆卦啦,0,0,0
N641,你可以看春秋戰國更多國更有趣啊,0,0,0
N623,po個跑車鑰匙照片 馬上就解鎖囉,0,0,0
N843,之前看過一個節目是女大生同時交好幾個洋人男友，每,0,0,0
N611,要是送我這種東西 我就當場塞進屁眼,0,0,0
A6,你最近最喜歡哪首歌？,1,0,0
N101,釘蕩貓凶殺小，圖文不符,0,0,0
N654,一個月痛一次是幾小時先說清楚,0,0,0
N1080,你這不是問了嗎,0,0,0
N730,最愛上音樂課了,0,0,0
N497,小時候超愛巧連智的 童年回憶,0,0,0
B258,其實我最不能接受的應該是她在一次選擇了之前帶給他那麼大傷害的人，所以我才不能真的去祝福他們,0,1,0
N230,近距離還不會炸到自己人的設定很莫名其妙,0,0,0
N1319,哈哈哈 動不動就抹人5毛哩 台灣要發春自慰到何時,0,0,0
N166,創業 要先融資,0,0,0
N737,你朋友是買小飛馬還是小飛鷹......,0,0,0
N1827,有部電影就是這樣  害死神繞了一圈處理所有人,0,0,0
A99,我最近真的很懶,1,0,0
N1432,等下 你的暱稱XDDD 你這樣子瑜會哭喔QQ,0,0,0
N485,熱氣球上面有正妹啊，你沒看到？,0,0,0
N962,為什麼會有鴨卡啊哈哈哈哈哈哈哈,0,0,0
N733,開口是性騷好嗎？性侵定義先搞懂,0,0,0
N1512,你不覺得三普到現在做的都是雷聲大雨點小嗎,0,0,0
N1613,跟中華民國斷交啊，台灣為什麼要覺得不捨？,0,0,0
N1761,不喜歡重金屬的外國人也不會認識吧 哪有什麼紅,0,0,0
N1719,乳抬是啥?,0,0,0
C317,他幸福快樂就好，即使陪伴他的不是我，然後就默默的離開療傷,0,0,1
N1889,神明上身 快問下期樂透號碼是多少,0,0,0
B168,你 男友 很 自私 耶 ！,0,1,0
N895,搖落 搖落  搖落  搖   ㄟㄟㄟㄟ,0,0,0
N1066,車子跑在高架段很舒服，新車站很現代化，不錯啊,0,0,0
N855,不要開到內線道就好,0,0,0
N746,直播連結網址呢?,0,0,0
N71,趁他們在恩愛的時候，起床講個夢話,0,0,0
N888,恭喜你當別人小孩老爸了,0,0,0
N1274,我要睡覺啦是你還不睡覺,0,0,0
N1320,不覺得，但的確感覺有部分人在帶風向要黑高雄,0,0,0
N1772,書劍恩仇錄陳加洛最賤 把香香公主送給皇帝,0,0,0
N1026,台灣的問題最大的應該是穩定度,0,0,0
N1276,十零中午要ㄘ什麼,0,0,0
A272,看完的當下縮了一下肛門雖然我是女生...,1,0,0
N389,吃過，是辣版的麻酱/紹子麵,0,0,0
N67,被鞭炮聲嚇的花容失色,0,0,0
N589,二戰歐洲人逃命帶郵票 有一部什麼飯店的有演到,0,0,0
N134,幹 男的也在拍 甲甲膩,0,0,0
N208,台灣政府超沒用的，治安差,0,0,0
N951,好想考茶葉系喔,0,0,0
N1639,台灣一堆毒食物 天天吃麥當勞都比較健康,0,0,0
A138,我最近跑去上鋼琴課,1,0,0
N292,沒被抓過 我妹每天從我媽皮包拿一錢,0,0,0
N517,當沒情人變成普片之後只能自嘲沒朋友啊,0,0,0
N1713,比通靈好太多～場景台詞跟演員飆戲都無法比,0,0,0
A74,字 好好 看 ,1,0,0
N1013,全面落實言論自由還甲甲公道是甚麼意義？具體點好嗎,0,0,0
N1516,這次剛好業力引爆 我才不相信硬拖人下飛機是首次捏,0,0,0
N1262,會業績太爛一直被罵 然後常常在救三寶,0,0,0
N1341,因為台灣現場唱的都在現場唱 你在電腦桌前怎麼聽,0,0,0
N577,你把牠拍得好醜,0,0,0
B174,展現 真正 的 自己很重要,0,1,0
N606,讓我想到龍狼傳的H小說,0,0,0
N1306,有保險套自動販賣機再來講,0,0,0
N647,不然就掃蕩太平天國 大哥說不給吃饅頭 屠了蘇州城,0,0,0
N1812,看你自己覺不覺得讀書能幫助自己未來的事業發展,0,0,0
N1810,都躲在家裡 沒人看的到,0,0,0
N1315,幹 被騙點進來,0,0,0
N336,雞翅 雞米花,0,0,0
N1710,雞塊同家公司 但是材料應該不一樣 味道差蠻多的,0,0,0
N60,我真的不知道社會新鮮人要怎麼過活,0,0,0
A70,起士 控 的 我 表示 ： 把 餅乾 交出來 啊 啊 啊 ,1,0,0
N1079,銀行借錢給有錢人錢莊借錢給窮人,0,0,0
N419,其實打的贏，拔插頭就好,0,0,0
N90,點一首英勇戰士搖搖頭給他,0,0,0
A10,你好,1,0,0
N89,人類會拋棄電磁技術改用齒輪技術,0,0,0
N1428,因為台灣不懂國外大學，回來看起來就有派頭,0,0,0
N943,裝短褲的學生。升旗時也一直念，不知何苦,0,0,0
N1716,踏馬的NBA史上最難看的一場,0,0,0
N359,鞋子我愛你56不能亡,0,0,0
N772,死了還發新聞稿zzz,0,0,0
N1858,無期徒刑假釋門檻是25好嗎 別說出來讓人家笑,0,0,0
N1284,不會 快點去,0,0,0
A59,你是 另 一半要 「 互補 」派 還是 「 相似 」派？,,,
N1077,我都翻他們的垃圾桶找東西吃,0,0,0
N314,希望台灣立法 國家隊徵招強制執行,0,0,0
N635,捕手很貴的 重點是難養成 如果是捕手砲 價錢飛天,0,0,0
N889,學會跟女人交往，跟念文組一樣沒意義,0,0,0
N402,記得有一次，還被胖虎小夫踩過，最後爸爸媽媽很高興,0,0,0
N1147,有獎學金，加上有些歐洲國家學費很低,0,0,0
N1122,目前的狀況黃河長江兩岸都已經都是中國統治的阿,0,0,0
N1403,幹，姆三小，咪三小,0,0,0
N557,U什麼U,0,0,0
N969,聽說原本有一罪叫肥宅，覺得太直接才改成怠惰,0,0,0
N960,可4人家不會喜歡肥宅o'_'o,0,0,0
N612,我也不懂為什麼要問為什麼 這不就事實嗎,0,0,0
N287,沒辦法了 這時候只能期待日本人了,0,0,0
N860,台灣真搖滾幾個唱的比他好,0,0,0
N443,跟“幹你娘”是同樣意思，語助詞,0,0,0
N1619,把外面的皮換成豆皮 裡面換成飯 我都這樣吃,0,0,0
C347,我跟妳挺像的 但我是選擇孤單,0,0,1
N661,不好意思,0,0,0
N494,新聞 熱門時段會一直播同件事,0,0,0
N1109,講真的，不是無聊當有趣。,0,0,0
N1163,霍爾的一棟城堡,0,0,0
A65,前 一陣子 陸陸續續 在 看 一些 皮夾  fennec 的 長 夾 現在 沒 生產 了 超 難過 的   其他 短夾 中 夾 我 又 不 是 很 滿意 但 設計 跟 材質 我 覺得 fennec  應該 是 我 心 中 第一 ,1,0,0
N445,除非愛滋外國人能撐兩年XDD,0,0,0
N91,改成讓分制好了 高種子要讓低種子多少分這樣,0,0,0
N1409,就跟cost down一樣啊 根本沒有這種用法,0,0,0
B250,理財本來就是財不理你你不理財,0,1,0
N581,問問看小宮山先生,0,0,0
N1866,谷連國語都講不標準...沒水準...,0,0,0
A9,滅火器樂團超好聽的,1,0,0
A77,好 的   謝謝 妳   剛 住 一 個 禮拜 真的 很 不 習慣 一直 被 看 的 感覺 ,1,0,0
N1519,這位日男有種莫名的可愛感XDDD,0,0,0
N687,暗三小示 明示就明示啊幹,0,0,0
N435,人 一定要靠自己,0,0,0
N482,你怎麼都不運動啊 好宅喔,0,0,0
A64,好 帥 好 美好 適合 ,1,0,0
N1423,日子好過時間感就很快，我感覺最慢的是當兵那幾年,0,0,0
N1806,天母以外都是南部,0,0,0
N138,媽的超爛!!可是我笑了,0,0,0
A62,你昨天有上課嗎 ,1,0,0
N2,大家真的很討厭這種人,0,0,0
N735,僅限國立+醫科好了,0,0,0
B239,相不相信 遠 距離 ？ ,0,1,0
N1054,不過前一份工作認識一個外國人 後來很麻吉,0,0,0
N652,原物料商沒請人逆,0,0,0
N1296,她當主角的漫畫好像腰斬了 作者根本畫不下去了,0,0,0
N1334,一部跑車囉，你們繼續滅吧祝你們好運唷！對了，我的,0,0,0
N903,聚再一起華八卦感覺好宅,0,0,0
N37,讓自己休息一陣子吧,0,0,0
N1375,妹妹 你的大便也很香嗎,0,0,0
N751,笑到差點喘不過氣來...,0,0,0
N80,美國人很好混的 不能這樣比啊...,0,0,0
N1038,因為沒能力啊  有能力的人會抱怨新水低嗎,0,0,0
N1258,什麼聖潔石ALT粉 以上全部都是好嗎,0,0,0
N674,你連台灣人都不能代表，還要代表全世界？,0,0,0
N1232,哇  你要發了   還不請雞排,0,0,0
N1141,業障重的意思。,0,0,0
N1873,裡面有小精靈啊,0,0,0
N1207,是你手變肥了  不是早餐變小了,0,0,0
A295,你 喜歡 看 電影 嗎 ？ ,1,0,0
N1292,母親是台灣人，女兒是中國人,0,0,0
N280,甲級動員 甲操測考都管休了 備戰,0,0,0
N233,凸( ﾟдﾟ)凸三杯,0,0,0
N96,是跑去哪裡漂泊喇蛤,0,0,0
N480,喝波霸白開水  半糖,0,0,0
A17,我其實不會去在意有沒有人回覆,1,0,0
A69,謝謝 你 的 分享   照片 很 美 ,1,0,0
N930,人屎很營養 高麗菜可以兩倍大 兩倍甜 兩倍營養,0,0,0
N1119,南韓年輕人瘋夾娃娃機 年增500店,0,0,0
N472,為什麼台灣人永遠視轉乘為次等方案。,0,0,0
N39,那你跑一趟囉,0,0,0
N147,像你們這樣的壞女孩，Jojo我要好好的教育你們♥,0,0,0
N1244,"標題是要問""體位""嗎",0,0,0
A287,我遊戲腳色名字叫霸吧,1,0,0
N52,衣服還不是一堆煙味 氣死,0,0,0
A335,我有時候會突然心臟痛痛的但都是一陣一陣,1,0,0
N580,這樣小六才能教自慰阿,0,0,0
N1769,內鬥最會 噁心死了,0,0,0
N1805,瘋子瘋起來沒什兩樣,0,0,0
N1849,麥噹噹之前還把我的餐消掉，說因為跟別人點一樣的，,0,0,0
N1211,萌到腦袋都壞了,0,0,0
N1521,掰噗 正解,0,0,0
N200,國中以前蠻想要有手足 但長大就還好了,0,0,0
N1304,啊就偏時點火系統啊幹,0,0,0
N179,一週約六個，要是女的就不知道會被說的多難聽了,0,0,0
N187,其實p幣蠻好賣的 因為不會因為外掛影響幣值,0,0,0
N26,李修度說：「雖然不能說保護令一核發後就完全沒事，但是會讓你更有安全感」。,0,0,0
N1853,網路剪斷電腦砸爛,0,0,0
A68,好 喜歡 喔 珍藏 起來 ,1,0,0
N1584,10樓30CM黑長直,0,0,0
N412,國軍弟兄記得要求伙房煮熟一點,0,0,0
N1408,全面啟動囉～第幾層？,0,0,0
N894,說一聲listen to me,0,0,0
A293,想念台灣的食物,1,0,0
N1556,先從舔隔壁熟女的高跟鞋開始,0,0,0
B277,最討厭不講清楚又喜歡背後靠腰，有問題就跟我說啊,0,1,0
N1357,就外國人阿,0,0,0
N706,現在很難說,0,0,0
N3,他們真的很自卑耶,0,0,0
N294,用出油的肥手打小屌手槍 整隻屌泡在油裡你覺得呢,0,0,0
N1657,母博美頂到肺,0,0,0
N645,只有台灣ptt上的肥宅,0,0,0
N1651,他們訂單很多，擔心無法準時出貨都來不及了! 糙,0,0,0
N1178,警察就是依警職法盤查啊，你聽哪個弱智的說沒依法,0,0,0
N329,學妹有頭嗎,0,0,0
A133,覺得你的唇形跟下巴很好看哦！,1,0,0
B180,建議如果 用 說 的 說 不 出口 就 用 Line 打字 吧,0,1,0
N206,咖啡加迷姦藥 右肩JK,0,0,0
B340,凡事都一定有多面 只是在於看的人的心罷了！,0,1,0
N1887,像這種不斷改良mutant的科學家不是一堆ㄇ,0,0,0
N738,想，轉學到好學校,0,0,0
N841,名字有索都很屌簡稱索屌,0,0,0
N1275,馬的大半夜卯起來猛蓋樓是三小 好玩嗎,0,0,0
N690,不能ㄏㄏ 只能廠廠 關廠工人的心情 我懂!!!,0,0,0
N731,不信靈魂的人 就不能喜歡看鬼片 通靈王嗎 = =,0,0,0
N535,台灣嘴砲沒啥用處,0,0,0
N1532,YG家的唱功確都不算好 但LIVE都不錯穩,0,0,0
N1663,先煎再烤 牛排厚度要夠厚效果比較好,0,0,0
N1557,你好丟你學校的臉...,0,0,0
N155,仔細想想要吃什麼比較實際，杜拜飲食跟台灣差太多,0,0,0
N1676,蔡阿嘎=全台灣人？,0,0,0
N1006,盾猛自己女王搶對面女王啊,0,0,0
N1069,學期成績0分,0,0,0
N886,說真的我寧願阿桑,0,0,0
N295,愛到卡慘死,0,0,0
N597,應該是太純被砍去秤重賣了吧,0,0,0
B211,其實 這 根本 瞎扯,0,1,0
A336,可是每次看醫生都沒結論,1,0,0
N939,Mr Brown,0,0,0
N553,雞屁股20顆 你不會烙賽喔,0,0,0
N253,今天要說的是一個關於建商拿槍的故事,0,0,0
N463,菸抽太多喇,0,0,0
N1035,口的話 別說接吻啦 講話就已經是了,0,0,0
N247,總比很多不一樣的混在一起好,0,0,0
N563,賺錢幹嘛收,0,0,0
N796,幹  研究所上機考 考10個小時,0,0,0
N1351,你出來開公司研發吧 我個人贊助你1000P幣,0,0,0
N1303,我很久以前也有兩張創見SD卡 都差不多一年就壞了,0,0,0
N1524,台灣詐騙?一堆支那人還跑去跟台灣人學,0,0,0
N1449,吵輸的扯一堆東西都是一樣輸不起嘴臉,0,0,0
N1672,hebe這選項首先刪去,0,0,0
N1202,沒走過風俗街。別跟我說你去過日本,0,0,0
A92,我跟你說我們剛剛上課一起玩蝦皮金頭腦，我八題都對哈哈,1,0,0
B210,我 想 長大 學會 的 就 只是 「 承受 」,0,1,0
N811,台灣真的高道德國家,0,0,0
N273,全世界殺最多中國人的就是中國人！,0,0,0
N331,林宗成大秘書長說什麼就是什麼 你敢嘴,0,0,0
N1666,劉寶傑還好 戴立綱的聲音聽了才難過,0,0,0
N142,隱形 有人來才會出現,0,0,0
N1237,中國一個鄉長就不只貪十億了  何況省委書記,0,0,0
N750,肥宅的定義不懂?   去照鏡子拉,0,0,0
N326,盒盒想騎機車,0,0,0
N1622,沒邏輯的文組發三小廢物 白癡嗎？,0,0,0
N1643,對惠惠有意見？,0,0,0
N1094,留了鬍子要修喔，常常以為留了就不用整理,0,0,0
N1548,然後其實你也不用擔心，你先有老婆再說吧,0,0,0
A262,有時候真的會不知道要聊什麼，但我們喜歡通著電話陪著彼此的感覺,1,0,0
N278,台灣人：沒有中國新年只有農曆新年，沒有元宵節只有,0,0,0
N680,沒有戰爭的話就很難拍了 因為沒有動作場面,0,0,0
N259,「我肥宅啦 認識一下啊」,0,0,0
A54,你 喜歡 爬山 嗎 ? ,1,0,0
N896,中國自己吃就好 不用擔心別人,0,0,0
N1328,越南麥當當和星巴克價錢和台灣差不多,0,0,0
B205,人 要是 都 知足 就 不會 進步 了 ,0,1,0
N1480,轉學考跟後醫是最難的兩個考試,0,0,0
N919,工讀生:陳星是受害者,0,0,0
N953,都幾年了 麻煩直上8GB好嗎,0,0,0
N1430,用碎紙機篩選壓..一整份送進去不卡住的都當掉,0,0,0
N1611,應該是你被封鎖ㄌㄅ?,0,0,0
N1447,有啊 有集紅斑性狼瘡的,0,0,0
N575,天堂，因為你不信有地獄存在，何來的天堂,0,0,0
N1201,好啦，先幫補,0,0,0
A32,我要吃宵夜,1,0,0
B224, 我們 通常 稱 之 為 渣男,0,1,0
N65,想告訴你的是，關於生死其實是冥冥之中註定好的,0,0,0
B244,放輕鬆 些，生活 何必 太 緊張,0,1,0
N1233,國境之南 挪威 世界末日都好好看 很難選,0,0,0
B240,我覺得思想 是 何等 奇妙 的 事,0,1,0
N847,每個人每個月發四萬塊大家都會去追求興趣r,0,0,0
N351,槍口抵著頭開槍會有燒傷的痕跡,0,0,0
N1871,條件還是不一樣啊，因為客家地區沒有開放渡臺正口,0,0,0
A29,你就會問我ㄟ記不記得我之前傳給你那個醜照,1,0,0
A119,我分手一段時間了,1,0,0
N348,咪哭早就已經嫁給我了啦,0,0,0
N1349,看到國中生腦子中自帶 刀山火海BGM,0,0,0
N1009,爽吃義美泡芙中,0,0,0
N1562,依照台灣人公德心 使用完畢你一定要檢查,0,0,0
N862,搞不好賭神以後要去幹按摩的了,0,0,0
N426,超星冒險幹~喔不是蓋,0,0,0
N1194,輸美居然會因為這樣特地開一篇 可見戳到痛處,0,0,0
N269,你也知道太早喔幹  o'-'o,0,0,0
B343,他卻把身為男生力氣大當成優勢，真的很過分,0,1,0
N560,現在有兩個韓國,0,0,0
N237,會不會被吉,0,0,0
N1150,說潘阿是因為 台灣賣的比其他高所得國家還貴,0,0,0
N715,那你怎麼不滾去自殺,0,0,0
N755,如果把雞蛋丟到雞舍地上會有一堆雞衝去吃,0,0,0
N587,BV啊，但短夾不要買一邊是零錢袋的，超醜又不實用,0,0,0
N702,海線好像八卦講過好幾次吃海什麼的保育類,0,0,0
N386,當然是羅剎國公主,0,0,0
N1028,一個便當吃不夠，可以吃兩個阿,0,0,0
N1097,斷com就怪別人 理由伯,0,0,0
A50,你 喜歡 女生 長髮 還是 短髮 ? ,1,0,0
N1673,有再咬到臉頰過，給你參考。,0,0,0
N1338,哥待Va 美國女友說的,0,0,0
N852,沒爆炸就很強還嫌,0,0,0
N1488,去開房間阿,0,0,0
N1005,XDDDD這種東西破萬 盤子真威,0,0,0
N1047,你是不是射在他身上,0,0,0
N667,裝真的作示意 跟台下說先搶先贏喔 來看會變怎樣,0,0,0
N1345,常見的不新鮮問題,0,0,0
N1636,《經濟狀況》小富，還不發點P幣慶祝一下,0,0,0
N532,其實還有個設定比他猛的蓋特皇帝,0,0,0
N316,景文是我們炎神母校 誰敢嘴?,0,0,0
N851,顏楷TIGHT,0,0,0
A38,你喜歡他哪裡？,1,0,0
N1314,我現在騎機車都不鑽車了 跟汽車一起排隊空間很大,0,0,0
N543,就古早時代移民登陸的點本來就龍蛇雜處,0,0,0
N787,吞進肚子裡,0,0,0
N1078,說你只是喝養樂多，不知道為什麼像宿醉,0,0,0
N780,被別人用過很髒。,0,0,0
N210,連二輪片都下擋了<，妳現在才看 ??,0,0,0
A24,我辦KOKO卡只是為了去國賓能刷卡而已，首刷禮有夠廢，還要三筆，國泰夠廢,1,0,0
N1050,我會告訴你有些漢化組組長就是台灣人嗎,0,0,0
N906,宜 鬼島價不知道貴什麼,0,0,0
N1183,商人無祖國，有祖國的商人可能是政客,0,0,0
N810,中年才禿頭 年輕的時候很帥 導致禿頭基因被遺傳,0,0,0
N1111,會被拆掉 很不方便,0,0,0
N167,，但是要拍的那麼讓人感動好像......,0,0,0
B154,其實 我 不 知道 我 自己 這麼 做 是 不 是 對 的 ， 因為 我 一直 覺得 大一 就 該 讓 他 好好 去 玩 ， 不 想 讓 他 覺得 因為 我 而 不能 做 很多 事情 ,0,1,0
N1759,警犬大學應該可以正取沒問題,0,0,0
N1538,子瑜被找去當哈雪子了，沒什機會,0,0,0
B266,如果你願意努力那當然很好了啊,0,1,0
N327,這樣醫院會賺不到錢 很不方便,0,0,0
N754,陳林滿天下,0,0,0
N665,老一輩還要有點文化 現在根本是網路米蟲,0,0,0
A117,我女友是願意跟我走過低潮的 事實上她也是在我低潮的時候出現的,1,0,0
N1048,還不錯 喜歡,0,0,0
N950,是不會看人數？,0,0,0
N377,真愛啊 自己的男友說個低能兒還不離不棄,0,0,0
A20,你的人生中最糗的事情是什麼？,1,0,0
N927,阿發狗會狂買AMD.買下初音後嘲笑肥宅沒有女朋友,0,0,0
N1618,不要進去打擾別人好嗎,0,0,0
N304,四月7777耶,0,0,0
N303,不知道，但是殺人的罪刑比較輕,0,0,0
N289,跟後來的人交接打混技巧阿,0,0,0
A131,認識她的歌，分享給你,1,0,0
N486,小平叔贏僑牌還得靠他！,0,0,0
N1561,學店生最愛看,0,0,0
N1767,大學生連假就是要讀書,0,0,0
N57,兄弟你很有勇氣  我給你個讚,0,0,0
N1040,反正又不用繳稅，你開心去書局買一本,0,0,0
N104,我都唸costco,0,0,0
N1540,藍紫光 監視器 機器人不叫做眼睛 …,0,0,0
N743,槍間家的人，可以整天高潮,0,0,0
N11,男女朋友互叫寶貝很正常吧不然要說 欸廢物給我過來 這樣嗎,0,0,0
N1398,頭腦簡單的人不就愛整天念著幾句老梗譁眾取寵嗎?,0,0,0
A106,單身好阿，為師還是奉勸你各位啊，單身真的好阿,1,0,0
N808,不只擋還能反彈呢,0,0,0
N1828,美國哪時候沒有學長制了 = =,0,0,0
N988,國六國姓交流道對吧,0,0,0
B245,事情 既然 已經 發生 了，何不 坦然 自在 地 面對,0,1,0
N638,也沒得選喇 好調味就好了,0,0,0
N595,有興趣可以看看外國車牌  台灣真的有自己玩法,0,0,0
N549,linkin prok不要亂,0,0,0
N636,好了 而且貼著至少脖子動起來不會那麼痛,0,0,0
N1068,男的  你朋友是不是一個暴走族?,0,0,0
N1530,智障到你買不起,0,0,0
N1295,現在去澳洲根本不好賺了 更別說玩樂花的更多,0,0,0
N1287,就跟男人不會被自己的老二戳傷一樣啊,0,0,0
N1144,會嗎 我覺得那特效超中二的 屁孩最愛玩,0,0,0
N877,現在在用啊 還不錯用，用完水沖沖 偶爾刷一下就好,0,0,0
N1647,邊緣化她就好  有她的新聞不看不點擊不發FB,0,0,0
N1259,這點冷都受不了你自我了斷吧~,0,0,0
N1608,少裝了hao123,0,0,0
A135,我很胖可是我超愛碎花～自己看了花花心情就好,1,0,0
N685,然後他就死了,0,0,0
N1874,阿前面幾個都講完了啊。剩下不用講就是答案了,0,0,0
B214,所以 說 教育 還是 很 重要,0,1,0
N1724,沒看過 分房至少33年了...我媽都妹妹睡,0,0,0
N1461,沒想到是他耶 和小時候滿不一樣的,0,0,0
N1504,車要左右轉對騎機車來說都是發生意外的機率還蠻高的,0,0,0
B181,感覺 年紀 越 大 真的 懶得 管 跟 室友 感情 好不好,0,1,0
N1697,一堆人檢討別人的頭髮 想必自己一定很帥吼?,0,0,0
N1278,聽街訪鄰居說 是花錢買通官員 弄成貧瘠地躲過,0,0,0
N620,都國三了 以為自己兒子沒腦喔,0,0,0
A33,幹 我感覺有點沒力,1,0,0
N1496,能夠吃到當場現拉麵條的，台灣有這種店嗎?,0,0,0
N649,有長凳的話 鼻子勉強跟他平手,0,0,0
N1422,薪資一樣當然基層  帶人扛責任累死你,0,0,0
N1437,拿不到金馬獎意外嗎 看看現在的金馬獎 根本金雞獎,0,0,0
N24,經濟的主要來源並不是拿來在家暴上的精神抒發作為藉口，家暴就是家暴。,0,0,0
N457,13億的大國整天想強暴2300萬的國家,0,0,0
N1113,不是有出聲音就會像好嘛?,0,0,0
N1603,連辦比賽在台灣 台灣都自己矮化自己了,0,0,0
A128,能請問你是用什麼軟體畫畫嗎?,1,0,0
N234,說ㄅ想回還ㄅ是回惹 g軟當窩ㄉ小天使好不好?,0,0,0
N159,禿頭中國人,0,0,0
N115,看總統大選預測就知道這些人水準,0,0,0
N1494,我同學還是吃得很開心然後他爸先崩潰了,0,0,0
N1884,Gordon很會帶人 不知道阿基師怎樣,0,0,0
N1438,你的暱稱是怎樣阿,0,0,0
A351,喉嚨變超乾 去檢查 醫生還以為我長期抽煙,1,0,0
N1741,人鬼畸戀阿,0,0,0
N1670,哇靠，律子老師有鬼手！,0,0,0
N1644,每次有這話題講元年  通常都只會有這一年...,0,0,0
B185,我才不會這樣想勒,0,1,0
N506,殺爆國民黨的白色恐怖面具，無價,0,0,0
N106,"覺得一定要有實質相關內容才能用""#""才是怪事吧",0,0,0
N1263,沒邊查字典,0,0,0
N1468,你在說笑嗎 都不給建了還談什麼發展,0,0,0
N686,公開出櫃再來這 謝謝喔,0,0,0
B140,感情 本來 就 要 互相 了 ,0,1,0
N261,只會一直吃吃吃吃吃吃吃吃,0,0,0
N1293,連門都進不去,0,0,0
N1599,特務也叫英啊,0,0,0
B186,感情 應當 是 互相 尊重 包容,0,1,0
B194,我相信你阿,0,1,0
B187,感情不 該 放 在 天秤 上 去 做 衡量 ,0,1,0
N629,有個小時候被老爸燒的老師，上課時提了「可能性」，,0,0,0
C305,其 他人 一起 霸凌 了 一個 同學 。 ,0,0,1
A34,喜歡看哪種電影？,1,0,0
A79,都 覺得 用 手機 告白 很 爛 ， 沒 誠意 ,1,0,0
N958,可以美國總統最喜歡這個詞,0,0,0
N1380,台文系台語系才是鄉民口中的顏色正確吧,0,0,0
N119,尼明天一早起乃9會下大雨了喇 大到你出不了門,0,0,0
N1537,先被自己的廢物長官學長腦袋置換成大便,0,0,0
A147,支不支持同志結婚？,1,0,0
N1544,特斯拉能應付台灣交通嗎？,0,0,0
N882,對啊 為什麼不用華康少女體 ? 都20年了耶,0,0,0
N1750,去上廁所啊 老師或學長都會放你去,0,0,0
N1725,當你孤單你會想騎誰,0,0,0
N1794,金城武好帥！,0,0,0
N337,叫他舉辦校內寫生大會啊,0,0,0
N1877,喔喔！是火燒的肥宅,0,0,0
N1528,有問題要免費解決，就會知道被問組電腦 裝死就好,0,0,0
N489,特別放一個垃圾桶 也一堆人要彈很遠 很幹,0,0,0
N705,因為實際上做不到 只會變成地下化而已,0,0,0
N1691,Jay Kay迷報到,0,0,0
N1829,快桶承軒真的不知道在幹三小,0,0,0
N1025,死肥宅滾啦,0,0,0
N596,有人在看？認識的人沒人看,0,0,0
C334,安詳 太 難 ， 但 你 可以 死 的 很 意外 又 很 美 ， 這 種 方式 死 前 會 很 痛苦,0,0,1
N1209,不過打槍太超過 要當心被烙人扁,0,0,0
N1553,進不了臺科跟進不了GG一樣  還是自盡吧,0,0,0
N968,後醫更難 應該是所有考試裡最難的,0,0,0
N1184,幹 仔細看內文原來真的是要講草彅剛ㄛXDDDDD,0,0,0
N1219,還好吧，以前我媽還曾經去網咖找我,0,0,0
N827,你太晚知道了 台灣的已經GG了,0,0,0
A19,最近有沒有很想做一件事？ ,1,0,0
N1822,女的現在FB，IG全關了大概只剩下認識的人找的到,0,0,0
N1218,總結就是承認招不到好學生自己不,0,0,0
N836,高麗菜水餃很好調味 韭菜調味要壓過比較難,0,0,0
N302,帶我到沒有愛情的地方,0,0,0
N505,哪部直接講,0,0,0
N865,結帳才發現錢不夠,0,0,0
N1114,性專區弄成國營企業政府可以收稅收爽爽的，超笨,0,0,0
N844,果然門外漢才會想在台灣蓋澳洲類型的房子,0,0,0
A35,最近很喜歡這首歌,1,0,0
N1024,國際盜懶教,0,0,0
N441,智商太低 給他開新彥州也會被0079的小飛機打爆,0,0,0
N967,弟弟的覽叫好大，姐姐看到後驚呆了,0,0,0
N897,我以為你在說BSB,0,0,0
N807,意性交？但搞到用強迫的就是星國男的錯惹喇。,0,0,0
N1307,正妹才請   普妹看心情   龍妹直接說沒錢,0,0,0
N688,鬼塚英吉4ni?,0,0,0
N1754,初一十五都燒給他們了 當然只去西方國家討債R,0,0,0
N998,跟中國人有九成像,0,0,0
N558,猶太人邱三小 自己殺人殺的那麼開心  還敢大聲,0,0,0
C322,有些垃圾就是在性行為之後還跟朋友吹噓 ,0,0,1
N961,你路西法覺醒嗎,0,0,0
N1124,超星拳婦套圖 第一個站內 100p,0,0,0
N180,經典但很無聊  四個小時打同一隻怪不見得升一等,0,0,0
C318,我當時也很討厭這樣的自己,0,0,1
A52,我最近看了波多野結依的片片,1,0,0
N340,軟軟的替代方案，不易外,0,0,0
N1571,搭配麥當勞app抽的買一送一 麥當勞瞬間變很超值,0,0,0
N664,台中啊 慶記好玩又刺激,0,0,0
N1589,不要 肥亮快點改WBC臺灣加油辣,0,0,0
N728,改了一堆人也考不進去，頂多變一堆打卡拍照的點,0,0,0
B216,都 有 勇氣 要 結束 自己 的 生命 了 ， 怎麼 沒有 勇氣 去 做 改變 ？,0,1,0
N948,你不物化她們 她們要怎麼把自己賣給那些有錢人,0,0,0
N1182,我是說吳郭魚,0,0,0
N1867,活該 倫加4女森,0,0,0
N1766,我想到小新耶,0,0,0
N430,歷史第ㄧ 姆斯,0,0,0
N308,廢物柯文哲最愛挺學運警察,0,0,0
N940,拿來尻尻很爽,0,0,0
N1301,魚魚魚XDDDD,0,0,0
N1593,很優 我的形狀了謝謝,0,0,0
B223,沒辦法 給 孩子 一 個 好 的 成長 環境 ， 千萬 不要 生,0,1,0
N1330,到那座島上讓他們自生自滅,0,0,0
N8,所以妳是不是翻了很多我的對話記錄？,0,0,0
N1630,今天放假耶，好渴年,0,0,0
N110,胸部會在你後腦杓 躺下去就對了,0,0,0
N213,很懂品味咖啡會去買星巴克？,0,0,0
N1656,哪裡是廢物?演演猴戲..日本搞不好就要薩得了..,0,0,0
A139,前 幾 天 我 被 綠 了 ， 我 斬釘截鐵 提 分手,1,0,0
N492,都變成熟食或雞湯塊原料了,0,0,0
N1012,先學好exㄉ正確用法比較重要,0,0,0
N382,直接把肥宅的廢萌黏土人 模型砸壞最快,0,0,0
N343,阿思 啊思 阿思 一直喊阿思 我思 故我在,0,0,0
N356,某個代表台灣出去比賽過的......工具人?,0,0,0
N905,有些人會說屁屁照好看可愛 現在想想真是…,0,0,0
N1299,老翁曬太陽 太陽曬老翁 你拿這句去問外國人,0,0,0
N499,好可愛 你不要看人家可愛就想幹歐,0,0,0
N1458,真的有人會玩嗎,0,0,0
N1525,在中國人的地方講中醫 ，有能耐長良心的最多賺生活,0,0,0
N444,肥宅差點要暴動了,0,0,0
N1869,聽她演講其實蠻有趣蠻嗨的 XD,0,0,0
A15,我今天中午12點才起床,1,0,0
N1859,evi 依照你對57條的解釋 當時鄧儒雯已經判死,0,0,0
N1007,有買房預算的話拿來環遊世界十圈都比買房爽,0,0,0
N1153,網協也都忘了..棒協一個月後就忘了.,0,0,0
N979,就因為有這派人在說全部都事實，結果造成年齡矛盾。,0,0,0
N824,愛子公主文青嗎,0,0,0
N397,他聽不懂也不會鳥你，台灣人會想辦法讓妳懂,0,0,0
N1213,演出中國人角色的藤原龍也,0,0,0
N887,台北=小印度=貧民窟,0,0,0
N1241,家豪打完球一起吃飯 你出錢,0,0,0
N450,看什麼時候會下海拍片,0,0,0
N1402,說：叔叔家裏有好吃的餅乾喔,0,0,0
N1059,明金城醒醒 快回信好咪,0,0,0
N38,哈哈哈哈哈哈哈,0,0,0
N707,扮成巨型投石機啊 砸爆無數人的城鎮中心,0,0,0
N249,第一集只是警匪片  現在已經變高科技動作片了,0,0,0
N1529,八國聯軍被轟的不要不要的,0,0,0
B221,珍惜 現在 擁有 的 才 是 最 重要 的 ,0,1,0
N1384,許冠文 黃百鳴 還是許冠文好了,0,0,0
N828,我覺得軍隊口糧很有趣阿,0,0,0
A144,相信 我 。 要 說真的 愛 嗎 也許 有 ， 但 長遠 來 看 … ， 他 ， 還是 比較 愛 自己,1,0,0
B217,我真的無法接受,0,1,0
N981,我起床再打開 捏成那樣打開要有點心理準備,0,0,0
N1470,盤開勇士讓八分了，你覺得呢？,0,0,0
N1579,明天不上班,0,0,0
N1564,幹你娘高中物理會一開始教微積分展開式逆,0,0,0
N468,邊緣人啊  看固拉多跟蓋歐卡玩就會想湊熱鬧,0,0,0
N500,戶籍變公所,0,0,0
B285,我覺得如果你真的那麼不想分開，唯一的辦法也只能跟你男友坐下來好好談了吧,0,1,0
A63,有沒有後悔你讀你的科系,1,0,0
N1872,做個影片就可以去募款網站騙錢了,0,0,0
N531,實梗可用(漫畫世界時間流速太慢)，只好原創爆走,0,0,0
N1372,黑絲真的是很神奇的東西，就跟神裝一樣，穿上立刻,0,0,0
N1688,笑死 被戰的是高雄 結果說高雄在戰別人,0,0,0
N1733,我還以爲有什麼卦勒,0,0,0
N338,操難穿 我穿了還起水泡 現在改穿布希鞋,0,0,0
N1371,會長在故宮對面的辦公室超豪華,0,0,0
N1612,最會講我不知道，最愛講的我猜是郭台銘，要員工禮拜,0,0,0
N947,兩部都很愛<3,0,0,0
N1058,他只是要有人在旁邊幫他出錢而已，做好你的腳色不要,0,0,0
N779,你現在才知道？,0,0,0
N1598,高雄人這麼有錢 25元太侮辱人了,0,0,0
A73,我 是 梅子 控 ,1,0,0
N1482,我國二就有夢時代了 我83年的,0,0,0
N891,我是小模 一定感謝檢警讓我吉一吉酸民就有錢賺,0,0,0
N1189,有妖氣加持,0,0,0
N924,諾特7內建C4時 三星在想什麼？,0,0,0
N717,把男的扁一頓然後綁起來 再在他面前kobe女的,0,0,0
N1860,拿雙截棍插景甜 剛好兩個洞,0,0,0
B246,父母 關係 才 是 孩子 心理 健康 的 模板,0,1,0
N79,東山鴨頭 買蘭花干會吸很多油 非常超值,0,0,0
N1252,剛剛去伊莉看了一下 那女的超級醜 幹,0,0,0
N238,雙B不用花錢買業配 懂?,0,0,0
N872,搞到收音機被水淹就束手無策，跟以為去歐洲流浪一年,0,0,0
N599,黨工和記者不用,0,0,0
A346,最討厭人家用我手機 何況我還有安裝一些行動支付,1,0,0
N1578,我比較喜歡 IU的夜信>////<,0,0,0
N529,到的，幹臺灣幹不到的，吃臺灣吃不到的。買東西？免,0,0,0
N1846,老實說 如果習慣船上搖晃的頻率 上陸地有可能會暈,0,0,0
N1737,楊丞琳就是靠這一首走紅的 不然之前只是小咖主持人,0,0,0
A121,想問床邊的時鐘和鞋櫃上的木盤,1,0,0
N1811,南部人真的好瘋狂...廢到笑,0,0,0
B170,如果 他 感覺 很 愛 你 就 算了 ， 但 從 妳 敘述 感覺到 的 是 計較 和 現實,0,1,0
N437,說到四萬點的太誇張了，應該是在作秀騙不懂的人,0,0,0
N936,人要比狗兇,0,0,0
N284,張翠山應該比兒子強多了 看到刻字都能領悟武功,0,0,0
N834,一開始就是這句所以大家猜補習班國文老師,0,0,0
N1467,好想親柴柴,0,0,0
N1353,你以為你做的報告有好的哪去嗎,0,0,0
N16,好可怕噢...如果是我一定直接嚇傻,0,0,0
N605,翻牆online,0,0,0
N1008,第一手元太,0,0,0
N837,想這樣的愛情,0,0,0
N190,道料理了,0,0,0
N1063,末班車要開了,0,0,0
A109,我跟醫生說我想出國打工度假（本身喜歡旅遊），醫生評估最後是可以的。,1,0,0
N318,真文青也很假掰啊,0,0,0
N1573,你一定在想壞壞的事,0,0,0
N902,把儀隊當憲兵的說人菜? 自己菜味多濃先聞一下,0,0,0
A132,因為我不喜歡清純風，所以本身沒在關注女孩們，但看了這個節目真的覺得他們很棒，可以在他們身上看到非常多的潛力,1,0,0
N721,只喜歡死讀書而沒有其他專長的學生,0,0,0
N874,曾子余長的不差阿,0,0,0
A91,什麼前女友甚麼的，i don't fucking care,1,0,0
N996,好喔，參見禿頭王!!!!,0,0,0
N1290,最後一張真的好詭異,0,0,0
N1331,之前回看銀狼時，怎麼會這麼中二，小時候覺得很酷說,0,0,0
N1413,剛畢業時面試拿到order確實爽了兩周,0,0,0
N1445,照照鏡子好嗎,0,0,0
N1706,趕快付比特幣請人解密,0,0,0
N1011,騙錢、人資部門沒專業先認證照…etc,0,0,0
B284,他可以有壓力，但不代表能隨便發洩在別人身上,0,1,0
N1034,有歐洲護家盟說哈利波特是黑魔法 應該燒掉阿,0,0,0
B260,我覺得憑感覺的女生都很難搞,0,1,0
N1411,愛佔位，好不懂禮貌的人,0,0,0
N1726,與你的第100次戀愛 這部感覺也不錯,0,0,0
N128,正在煎  先劃單好嗎^^,0,0,0
N1256,最慘是肥宅樣的覺青甲甲,0,0,0
N1434,我啊，不必規劃啊，就自自冉冉就在家惹。,0,0,0
A126,我非常支持遊行，建議市府下次要多注意一點，雖然只是暫時性的路面，但還是要做到好，不然害人受傷就影響主要遊行的事情了,1,0,0
B206,亞洲人 的 親情 綁架 勒索 根深蒂固,0,1,0
N1325,不會滾去問版嗎?,0,0,0
N1861,割一條線讓他流出乃,0,0,0
N613,別人幾千人打叫鄉長 自己打盜匪就是名將 有這種事,0,0,0
N1004,幹你娘 去jay版不會膩,0,0,0
N1137,選肥宅的時候,0,0,0
N759,富家女會活超過100歲 叫你朋友莫掛念去餵魚,0,0,0
N1405,屁  我從1995年開始就唾棄國民黨,0,0,0
N1554,另外安裝一個電流表監控電流比較好抓問題,0,0,0
C316,我真的有喜歡一個人八年，一開始看到他與異性很好都會很難過很生氣卻又很無力,0,0,1
N1782,沒有資料,0,0,0
A46,什麼事情會讓你爽一天,1,0,0
N66,你需要幫助，生命線協談輔導專線,0,0,0
N1154,受到無法接受的事實 然後崩潰,0,0,0
N349,他說他還有準備了一個禮拜的最後一招XDD,0,0,0
N1065,馬來亞華人正咩,0,0,0
N845,會這樣做的頑固還是會這樣做(攤手,0,0,0
N1653,實驗數據不對？ 用小畫家阿,0,0,0
N534,想說到台南國吃個飽之林。 然後賠了1800的樣子,0,0,0
N1728,幹！當然是弄硬再吃呀！,0,0,0
N1221,洗髮屎的圖好鳥啊,0,0,0
N1344,西斯，就可，問版,0,0,0
N1699,"你不會在法條裡看到""不應""這種用法",0,0,0
N94,滾 你國文老師在哭,0,0,0
N55,如果用正面的去勸導或另一個方式說的話會不會比較好？,0,0,0
N68,真的要死自己親密的人才會學乖嗎,0,0,0
N484,真的出了我先課一萬   P幣,0,0,0
N1369,中國就算孫大頭統一南邊也動不了滿洲國，甲午戰爭就,0,0,0
N1454,還有我覺得花那麼多前買鞋 根本87%,0,0,0
N469,聽我哥之前在替代役時聽到的 會刻意叫那些人這樣說,0,0,0
N1044,都要買了還不知道準備什麼！？怎麼可能,0,0,0
B161,人 不可能 無時無刻 都 堅定 自己 的 情緒 和 情感 ,0,1,0
N395,老實說妥瑞症根本沒什麼，為什麼承認很勇敢？,0,0,0
N1165,好黑啊，第一張黑到看不清楚XD  好想養黑貓…,0,0,0
N1722,都4人？你不會找3個人一起上嗎？,0,0,0
N838,長安東路走到底就是洛陽,0,0,0
N225,所以安樂死在台灣還是有必要的,0,0,0
N1495,你沒有朋友,0,0,0
N1813,哈梅斯只有在國家隊能展露身手吧,0,0,0
N830,也有可以開刀的癌症開刀完後續只要追蹤就好了,0,0,0
N1297,你又知道他們認為誰才是敵人,0,0,0
N204,窮人就別學人發錢惹,0,0,0
N911,再問一次很屌?,0,0,0
N710,太保有高鐵 縣政府 長庚 3間大學,0,0,0
N385,雪花喵喵有時間在那邊喇叭 沒時間回戰文 廠廠,0,0,0
N954,年薪超過一百還買不起真的要好好檢討一下了,0,0,0
N474,新竹縣長就只有那兩個人出來選~~你覺得能多好嗎?,0,0,0
N782,口罩防輪胎焚燒的微粒  戴奧辛口罩無效,0,0,0
N403,比較誰的雞巴大,0,0,0
N1424,一匙超鹹的 放那模多是要鹹死喔,0,0,0
N1776,你要看給你膝枕的是誰,0,0,0
A229,覺得 鼻酸 QQ,1,0,0
N143,退休後就會跑去當籃球教練啦！,0,0,0
A263,我們是台北-台東，我覺得有點遠，我還在上課，他在上班，我們都很忙,1,0,0
N523,這是告別式照片喔,0,0,0
A75,我 姐姐 前 陣子 在 日本 留學 ， 日本 的 女孩子 腿 型 大多 比較 不 好看 ， 所以 她們 都 是 用 長裙 長洋裝 修飾 身材 ,1,0,0
N256,得到權力後第一件事就是甲甲文字獄,0,0,0
A83,我們下禮拜來去看電影,1,0,0
N1803,單飛應該就是想賺多點錢吧,0,0,0
N758,直接打視訊過去,0,0,0
N541,用公告才有點效力，改標題吧,0,0,0
N1760,諺明後來改名為冠佑，他從滾石時期第一張就在了,0,0,0
N413,桃園三結義啊,0,0,0
N189,世界各國尊重文官軍人教師乃正統,0,0,0
N428,［新聞］愛滋病得到控制 每年感染人數爆新低,0,0,0
N438,你要不要查一下衛生的英文是什麼,0,0,0
N1089,能撈就撈啊,0,0,0
N332,優惠時候蠻便宜的，要自己多比較,0,0,0
B141,另外 如果 真的 很 在意 、 很 難 接受 ， 也 不 建議 繼續 在一起,0,1,0
N1224,拿出你的金屬探測器啊，還要人教,0,0,0
N975,他哥也是醫生吧，中國醫醫學系畢業的樣子,0,0,0
N1506,金山街就算是連鎖店也比其他地方難吃 了不起,0,0,0
N574,右邊沒花錢 左邊有花錢 可以做醫美廣告了,0,0,0
N1368,不要慌好嗎 你理別人怎麼說  定性高一點,0,0,0
N1366,台灣要當醫生的限制太多 怎麼可能人醫 是沒人能醫,0,0,0
N267,正妹到處%,0,0,0
N1136,譁眾取寵而已 搞的自己很清高一樣 ㄏㄏ,0,0,0
N1633,若島津門柱反彈,0,0,0
C310,後悔 離開 了 某個 地方,0,0,1
N228,中國太大 也懶得出門殖民 坐等番邦朝貢就好,0,0,0
N1475,哈哈哈哈哈,0,0,0
N125,不要再吃鍋貼比較好，很飽,0,0,0
N1235,王仁甫跟麻美由真阿 毀了多少人的屌,0,0,0
N856,我以爲我來到歌詞版XDDD,0,0,0
N1863,很多人都是在獄中認識更大尾的 沒錯阿,0,0,0
N720,你不知道過海關時的機器有稱重功能嗎?,0,0,0
N857,餓了就吃，飽了就先餵再吃,0,0,0
N626,以前小一老師會帶前三名去吃我家牛排...,0,0,0
N399,他妹覺得黑奶頭很丟臉嗎??錢,0,0,0
N170,人類有阿 子孫袋,0,0,0
N1742,我幫養樂多阿姨修車不收錢她送一排養樂多給我,0,0,0
B231,人 本來 就 有 性慾 啊,0,1,0
N915,都很好  但記得領養然後愛他不要再跟鳥一樣飛了,0,0,0
N518,麻吉燒 芝麻口味 放到麻辣鍋超好吃,0,0,0
A1,在情人節的時候你想要去哪裡慶祝？,1,0,0
N84,沒人要圖？,0,0,0
N1374,人類一定會下錯它都算進去了好嗎,0,0,0
N1456,藍藍香 不一樣 清潔除臭效果強 有印象+1,0,0,0
B283,不要讓自己變得很卑微的樣子，愛不是這樣,0,1,0
N460,肥宅不想出門啊= =,0,0,0
N1492,儀琳小師妹你敢嘴?,0,0,0
N1692,然後他們就史掉惹,0,0,0
C328,我 痛苦 過   但 我 從來 沒 跟 人 說 過,0,0,1
N1864,那時代的計算機不是電腦...,0,0,0
N281,不然av 跟本子口味怎麼會越來越重,0,0,0
N994,藏馬比較帥...謝謝,0,0,0
A3,你跟你媽的關係好嗎？,1,0,0
N1379,還用說，或老早就叫好了,0,0,0
N1030,拼裝成阿黑旋風的最強,0,0,0
A85,我最近狀態不好，想喝酒,1,0,0
N271,唯一支持三上悠亞,0,0,0
N1533,老爸拿的是納稅人的血汗錢,0,0,0
N455,中國動跟中國癢,0,0,0
N29,要對自己好，因為那是陪伴你最久的人。,0,0,0
N918,會發芽啦幹,0,0,0
N630,這玩意本身存在就很不合理了不是嗎......,0,0,0
N699,那裡蛋糕都很乾,0,0,0
N913,別性騷擾好嗎,0,0,0
N1149,關臺灣屁事,0,0,0
N1477,到處去看其他日本人夾也很少人夾到,0,0,0
N1577,時間可以抹去我的,0,0,0
N495,台女最愛的白人,0,0,0
N1757,漲到1000元，不是沒雞腿飯，是沒人敢買XD,0,0,0
N333,不然要熱死人的六七八月嗎,0,0,0
C304,後來 我 才 意識到 我 當時 就是 在 霸凌 別人,0,0,1
N1176,媽媽電力專家們獨創的愛力發電、說故事發電阿,0,0,0
N1193,乾脆等到過年再放,0,0,0
N1674,開車使用手機喔～,0,0,0
N136,聽說不用加水直接灌更有效ㄛ,0,0,0
N771,一拳超人齁,0,0,0
A96,我男友也宅宅呆呆的...,1,0,0
N741,台灣酒的假的 跟中國一樣  不中毒就該偷笑了,0,0,0
C303,前 男友 劈腿 提 了 分手，怎麼 會 看起來 很 愛 我 卻 這樣 對 我,0,0,1
N1101,沒碰過公家公司帳務 但是結帳櫃台到處都有在問啊,0,0,0
N456,4天，我也是當兵，下基地的時候,0,0,0
N404,隔壁屁孩的尖叫聲比較北爛,0,0,0
N1214,沾果糖好難吃 QQ,0,0,0
B203,別 把 自己 的 人生 也 賠下去 ， 不論 是 同情 還是 叫 你 苦撐 好像 都 對 你 不 公平,0,1,0
B220,我 覺得 好 的 事情 不會 是 永恆 的 ， 但 壞 的 事情 也 不 是 永恆 的,0,1,0
N1376,法國人 remi,0,0,0
A289,我也好想男朋友主動討親親哈哈哈,1,0,0
N120,到了現在這變很貴 看個人摟,0,0,0
N1216,我大多都看戰史版，而且是外國史，後勤與戰場留存,0,0,0
N1681,房價便宜 多的錢就可買名車,0,0,0
N1486,滿有趣的可以像小說來讀，組織胚胎這種才比較枯燥,0,0,0
A100,周遭朋友都有另一半，她們都不懂為何我會單身這麼久，我也不懂啊啊啊啊,1,0,0
N1738,因為愛因斯坦說的 就跟當年牛頓說光是粒子一樣,0,0,0
N621,我才不告訴你呢,0,0,0
N244,怎麼我看到的律師跟影評人都在罵…,0,0,0
N1505,自己採要過去的時間和油錢 到定點排隊領也要相關成,0,0,0
A21,你做過北爛的事情是什麼？,1,0,0
N794,其實是因為先喜歡上那個人,0,0,0
N1085,民進黨應儘速修法。惡法呢。科科,0,0,0
N1463,不敢切手指不會切屌喔,0,0,0
N1552,公三小膩喇 哪首喇幹,0,0,0
N1634,蛤 肥宅把你耳機拿下來好嗎,0,0,0
N283,哈哈  幹 符合現實又好笑,0,0,0
N334,很準啊！兩個雙子座的人，一定比一個雙子座多。,0,0,0
N1746,找尤金幫你做子彈啊 他強項,0,0,0
N925,大便習慣改變有可能是癌症，快檢查,0,0,0
N521,職業無貴賤,0,0,0
N1120,電動車的確比較環保沒錯 效率轉換比油車好,0,0,0
A112,我有認識朋友交美國男友(對方是機師)，她在美國當會計師，已經結婚了，過得很好,1,0,0
N417,ㄇㄉ嗆屁 禿頭礙到倫ㄌ膩 蛤 嗆屁ㄛ 蛤 蛤喇,0,0,0
N1457,這些人到現實都不敢講支那了 都跟孬種ㄧ樣,0,0,0
N339,有人還記得神盾嗎？ 三人團體但後來有人叛變解散了,0,0,0
N788,你看你多爽，不過台g店跟你說掰掰了,0,0,0
N436,弄相反了，是你去大學要利用大學資源學什麼,0,0,0
N191,其實是大老講好 可騙不懂的 大家都有飯吃,0,0,0
N1308,早就過氣的遊戲 一堆人要跟風潮了？,0,0,0
N274,真的…一堆新北鄉下人坐在那 看到都煩…,0,0,0
N586,空氣肥宅，毫無存在感,0,0,0
N1752,人家在山上控窯這樣也大驚小怪,0,0,0
N182,高捷超多的，一進去半個人都沒有，連站務員都看不到,0,0,0
N192,沒為什麼 知道自己醜往旁邊躲吧,0,0,0
A2,我明天要出去玩,1,0,0
N1792,應該說深櫃的人陸續打開封印了,0,0,0
N1102,都是爸媽很想知道，肥宅關房裡到底在看啥?,0,0,0
N1768,當然是收費阿 然後還要以人民幣計價!!!,0,0,0
B241,再 親密 的 人 也 是 另外 一個 人,0,1,0
N784,想是溫泉早沒了吧都摻了大量的水,0,0,0
N1617,為海軍收戰果 為海軍收戰果 預備 唱,0,0,0
N533,都甚麼時代了不會先查好路線再搭?,0,0,0
N1843,個人是選李，范感覺妝前後會兩個人，李還有精美五官,0,0,0
N901,看看雲 然後發現看雲好煩 不想看 可是又想看看雲,0,0,0
N1596,我說這不是我 他說這就是你,0,0,0
N14,好可怕,0,0,0
N1420,一開始就打輸荷蘭人啦，只是鄭成功後來又打跑荷蘭人,0,0,0
N1626,領域的官司，在台灣基本上只能靠運氣,0,0,0
A47,我們來去逛勤美,1,0,0
N588,好樂低:本店啥都可以抽 就是不可以抽菸喔啾咪,0,0,0
N1367,台灣最被歧視的是沒錢啊 QQ,0,0,0
N1419,老師的香水好香,0,0,0
N999,巨乳金髮傲嬌雙馬尾扶他,0,0,0
N1689,黑人都喝巧克力母奶,0,0,0
N51,一天一餐有點危險！這樣不到一個月身體會垮,0,0,0
N56,有禮貌的小孩子我給他吃超高級專櫃巧克力我都願意,0,0,0
N1179,一堆法律人出來靠北   到底誰對誰錯很難講啦,0,0,0
N152,還好台灣人的眼睛是雪亮的,0,0,0
N1107,你知道暫21師，已經在國共上海戰爭時被殲滅了嗎。,0,0,0
N1682,8寫的字體好怪,0,0,0
N1401,問屁阿 還不是一休一例所以要休息,0,0,0
N122,還好喇 你知道就好 不要說出來呀 嘻嘻,0,0,0
N360,靜香應該是日本名門貴族後代,0,0,0
N662,現在升級還有免費嗎?,0,0,0
N320,未滿18飲酒，一堆人都馬這樣喝,0,0,0
N1416,台北人眼中的淡水醫院 就是 馬偕醫院,0,0,0
N99,滾歐歐歐歐歐歐歐歐歐歐歐ㄡ,0,0,0
N396,會去的只有直升機父母吧？,0,0,0
N44,人生規劃是什麼？這是連妳爸媽都還搞不定的東西來囉,0,0,0
N465,通常這種人會連自己原本想考的一起炸掉,0,0,0
N156,骯髒事做一堆當然怕被多數人知道,0,0,0
N1594,先把手舉高然後朝他臉上揮下去啊,0,0,0
N909,台日混血兒 高級皇國人 媚日,0,0,0
N1062,去五角大廈應徵,0,0,0
N928,跟性工作者有87%相似,0,0,0
N774,不是，跟人有關，跟年紀無關,0,0,0
N512,約和人長聊，附近又沒有平價咖啡店時。,0,0,0
N137,昨天考完我也看影集陪你到現在不睡 夠意思吧,0,0,0
N669,新「產品」沒有。垃圾「功能」倒是加一堆,0,0,0
N1283,請問數學大國印度～又拍了幾部數學科普電影？,0,0,0
N1491,我看看重裝終於重新下載了，移除花我超多時間..,0,0,0
A78,真的 是 很 討厭 欸 。,1,0,0
N1043,王毅表示這是韓國人搞的小動作,0,0,0
N1075,遊戲人生 他說他爸過了一個很棒的人生 有錯嗎,0,0,0
N1499,可能會回營騙諸葛亮街亭守下來 一騙18年,0,0,0
N1758,我覺得麥當勞真的很難吃飽耶 都是靠氣泡飲料喝飽的,0,0,0
N481,日本人歧視原住民與部落民 不過台灣人也一樣啦,0,0,0
N1704,因為近年機器人動畫沒幾部能打的,0,0,0
N1167,欸三小 蛤 欸欸欸欸欸欸欸欸欸欸欸欸欸欸欸欸欸,0,0,0
N123,嚇嚇看英文的外國人,0,0,0
N1121,什麼系啦，不要開文組地圖炮,0,0,0
N736,不會 仇男都有設自保 剛好她家人男友都好男人~,0,0,0
B228,那 我 覺得 他 有點 摳 ,0,1,0
N453,我鄰居 單身建築師 每天都去超商買幾罐,0,0,0
N1231,想被副學生會長鞭打,0,0,0
N1249,摸了後發現自己的會變大那時,0,0,0
N1105,分類啦 然後莿桐林家碗粿好ㄘ,0,0,0
N747,浪費地球資源 該撲殺,0,0,0
N1091,曬到太陽了吧,0,0,0
N59,聽他平常講什麼屁眼跟三字經的，就知道他有多沒素質了,0,0,0
N1543,可愛巧虎島,0,0,0
N461,沒四大都是學店,0,0,0
A162,跟 前任 九年 ， 和平 分手 ,1,0,0
N1698,幹說得好像我考不去一樣  艮  森77,0,0,0
N1435,你還是買0050吧,0,0,0
N1305,中共射二顆實彈到台灣海峽,0,0,0
N818,我覺得天龍特攻隊電影明明不錯啊 可惜沒續集,0,0,0
N1572,工具肥宅Q_Q,0,0,0
N1585,現在不是聊這個的時候,0,0,0
N1267,唉唷?這個屌!,0,0,0
N1254,南部很多 有那種大飼料桶的選一個,0,0,0
N765,哆啦A夢不是奶媽機器人嗎？直接買不就好了,0,0,0
N1269,一定有啊 店家只是下游 供應商漲價也沒有在客氣的,0,0,0
N35,辛苦妳了,0,0,0
B270,只想說多充實自己才會變得更有自信,0,1,0
C306,以前曾經對 一個 同學 說 了 非常 傷人 的 話 。 ,0,0,1
C350,發作的時候會大哭著說她活得很痛苦,0,0,1
B212,要 感謝 的 人 就 只有 能 挺 過 那些 問題 的 自己 和 幫助 自己 的 人,0,1,0
N323,這是助學 什麼喝茶吃魚的,0,0,0
N164,等著看鄉民被告,0,0,0
N819,人家火災你在開玩笑,0,0,0
N1631,去年勇迷敗人品阿  導致LBJ洗到白帥帥,0,0,0
N1546,日本通縮十幾年，台灣還在漲,0,0,0
N1098,小番茄西瓜芒果水蜜桃香蕉,0,0,0
N1020,喔我不是，我老婆初音,0,0,0
N214,轉民視常看到她,0,0,0
N801,工具人分數+87,0,0,0
N1628,凸( ﾟдﾟ)凸沒圖齁蘭沙小贛,0,0,0
N1127,開出來發放物資了,0,0,0
C332,每 一 天 都 很 痛苦 ， 越來越 煎熬 。,0,0,1
N530,東區妹素質高  西區妹比較騷,0,0,0
N548,好想知道到底發生了什麼事,0,0,0
N723,花媽官邸的垃圾,0,0,0
N1721,跟你依樣討厭這種亂加字的影片 礙眼 記者有夠好混,0,0,0
N75,台中因為之前國民黨蓋火力發電廠結果後來一直被黑,0,0,0
N388,那些人現在還在美國領18%回來用健保壓榨台灣人勒,0,0,0
N117,你有沒有發現 價錢跟牛肉麵一樣,0,0,0
N251,我說了伊莉莎白還沒吃完啊,0,0,0
N850,博客來搜尋作者傑德麥肯那或阿迪亞香提,0,0,0
N914,當兵最難最累的就是跟這類人相處,0,0,0
N633,但是中間的痛苦期會讓很多人活不下去的,0,0,0
N378,沒學過資料結構也只算會皮毛吧,0,0,0
N1404,好吃 最好再加顆半熟蛋,0,0,0
B338,不過我覺得也可以考慮跟男友聊聊未來,0,1,0
B190,我 覺得 不管 你 提升到 幾百樓 ， 跟 對方 有沒有 喜歡 你 ， 應該 是 兩 回 事 吧,0,1,0
N425,幹 好猛喔,0,0,0
C311,曾經 我 也 想 過 要 結束 掉 自己 的 生命 ,0,0,1
C300,在 男朋友 面前 自信 爆棚 都 覺得 自己 最 正 ， 一般人 面前 就 蠻 自卑 的 ,0,0,1
N252,這首怎麼好像有看過,0,0,0
N178,哈哈~講不過人就開始說人工讀生了~長進點好嗎?,0,0,0
N1251,北部沒鍋燒麵才是讓人驚訝,0,0,0
N1117,tumblr真的屌打一切 而且素人超多,0,0,0
C331,我 也 對 著 我 媽 咆哮 過 為什麼 要 給 我 這 種 童年 ,0,0,1
N1798,木蘭當馬騎,0,0,0
B288,我覺得有些事情是原則問題，妳這次選擇妥協以後事事都是妳要妥協,0,1,0
N1387,印度、韓國、日本、美國，都有人實況,0,0,0
C302,我 個人 最 大 的 雷區 就 只有 「 欺騙 、 不 給 面子 」,0,0,1
N508,人家是西點軍校 你們是西點麵包阿,0,0,0
N946,口愛妹子說屌上有咖啡渣,0,0,0
N1138,洽啦啦啦啦泥~泥~~~,0,0,0
N195,/加分   有夠無言..,0,0,0
N174,靠 雷屁 我還沒看到他變吳彥祖那段耶,0,0,0
N1442,飲料，吃三寶飯很油，最好是茶類,0,0,0
N1073,算妳運氣好cd中,0,0,0
N1481,還好我都到房子外面打,0,0,0
N1649,教主好靠北XD,0,0,0
N689,馬的手機 幹O糧,0,0,0
N600,老闆跳樓 結束代理 清倉拍賣 老闆瘋了,0,0,0
N1824,我也快嚇死趕快油門加速撈跑...很怕甲土豆QQ,0,0,0
N825,敢來台北我的地盤 我馬上把你關到豬眷,0,0,0
N990,什麼時候表演榨汁？,0,0,0
N1161,認真回，就書內容差啊，漫畫走蘿莉風又沒劇情,0,0,0
N467,機器人有獨立的思考能力後，人類真的還有辦法控制嗎,0,0,0
N876,有點寫實，但是他的手段都是靠跟女人睡覺就太扯,0,0,0
B271,與其羨慕他人，不如變成理想中的自己更好,0,1,0
N140,手機版網頁阿 超快der,0,0,0
N398,偷懶個頭，沒有業務時還不能休息吃東西喔,0,0,0
N1067,先脫光你的手機…啊不是…先脫光你的姆咪,0,0,0
N666,準備吉你了 你完蛋了,0,0,0
N1820,版主不是可以無緣無故限制別人發言權力的,0,0,0
N1037,所以咧 現在出來抗議的年輕人誰領到退休金了?,0,0,0
N752,我比較好奇兩小時就兩小時，為什麼要寫兩小？,0,0,0
N375,鄉下的剪票口有時候沒人站欸,0,0,0
B153,我覺得妳 該 在意 的 是 他 不管 妳 的 感受 ， 這樣 妳 還 能 接受 嗎 ？,0,1,0
A89,沒關係 我打球洗好澡了,1,0,0
A129,很支持小兔子去中國好聲音,1,0,0
N821,還好玲北獨領發騷,0,0,0
N268,作者不是講過 他畫到現在故事只過半年時間,0,0,0
N370,你們很壞也，他們可能想說明天有沒有早餐吃吧？,0,0,0
N448,好吃的雞排就是好吃 不會因為你切了就變難吃,0,0,0
N297,南無本師釋迦牟尼佛,0,0,0
N1588,蓋蓋蓋蓋蓋,0,0,0
N932,台北在哪？,0,0,0
N296,也不看看大葉在什麼鬼地方 怎麼看都是淡江比較好,0,0,0
N279,是阿 盲點就在於 如果甲甲真如它們所說安全性行為,0,0,0
N1086,她在普羅米修斯裡超正的 身材比例超好,0,0,0
A41,我 哪 一點 最 吸引 你 ？ ,1,0,0
N920,你老闆住台中然後是死胖子？,0,0,0
N822,大概都是洗了但沒洗到很好學歷的人,0,0,0
N781,Kyrgios輸球爽,0,0,0
N1460,射她個滿當當，讓黏滑的寶寶種子緊緊黏著在子宮,0,0,0
N1547,搞不好有估計過他賺的錢夠賠侵權的賠償金才告的,0,0,0
B204,我 的 想法 是 不如 就 報復 社會 吧 ！ ， 這 個 社會 欠 你 的 ， 加倍 討回來,0,1,0
N1264,大學國文通識有教過,0,0,0
N1363,雷屁，我才剛看到博士偷看小哀洗澡,0,0,0
N1857,少說用個 水見式吧,0,0,0
N270,9.2只放開穴紀念歌,0,0,0
N1788,跟老人講他聽得懂？,0,0,0
N1789,在美國自由自在，去中國幹嘛？,0,0,0
N1701,覺得路邊停車確實比倒車入庫難XD,0,0,0
N168,問余文樂阿,0,0,0
N1773,這是五子棋已經用數學證明沒搞頭之後的變通方法,0,0,0
A57,我自己的上一任就是遠距離戀愛阿,1,0,0
N144,麻煩一次來，一個一個有夠浪費時間,0,0,0
N1717,目田罵最兇惹...中國報只想做路克布萊而已,0,0,0
N583,吃餅乾裡面有1000現金的,0,0,0
N266,那個時候還花一堆錢買攻略 現在想起來超白癡,0,0,0
N496,難怪買的人這麼多,0,0,0
N797,各自的擁護者開心就好，尤其不需要黑子來亂更好！,0,0,0
N1208,哈哈哈哈哈哈哈哈哈哈哈哈哈哈哈哈哈哈哈哈哈哈哈,0,0,0
N418,個人比較悲觀，什麼移民太空，人類基改都是極耗資源,0,0,0
N54,上課怎麼不會說不上白不上，選修修好修滿，四年之後，出去外面上課還要多付錢餒,0,0,0
N1318,吉你略誘啊,0,0,0
N1429,再怎樣都比那些X火、ㄗㄨㄣ、ㄗㄨㄣ的葛格好啦,0,0,0
N372,事實是後來馬英九明明沒有禁。關他屁事。,0,0,0
N7,根本垃圾 超沒品的,0,0,0
N73,子供向動畫 原來是擅長曲解原意的朋友呢,0,0,0
N753,全天母百貨公司加起來還比不上高雄一間夢時代,0,0,0
N1509,超無聊 找不到別的人生價值惹ㄇ？,0,0,0
N1444,裝外掛看評論啊,0,0,0
N1406,這輩子肥宅少數不會被當社會新聞上版面的機會,0,0,0
N1826,紅包來囉～,0,0,0
N550,這種事情很靠天分的　沒天分早點洗洗睡Y,0,0,0
B158,生活 不 開心 、 看 對方 ， 越來越 不 順眼 會 很 痛苦 啊 啊 啊 ， 這 是 你 想要 的 生活 嗎 ？ ,0,1,0
N1145,八卦一堆無用男 為什麼不乾脆砍掉重....,0,0,0
N692,最後發現琴酒也是臥底就好笑了,0,0,0
N1212,很好啊   過路費一公里收五塊就好了,0,0,0
N129,這個鍋貼呢,0,0,0
N585,#鋼琴教師#愛慕,0,0,0
N1277,應該說台男怎那麼孬 沒男子氣概,0,0,0
N931,湯師爺給我翻譯翻譯,0,0,0
A341,我阿公也不喜歡國民黨,1,0,0
B182,所謂 珍惜 朋友 是 一定 要 見面 的 嗎 ？我 覺得 不 是,0,1,0
N1175,無感到完全忘記有人號召過這個  XD,0,0,0
N100,你可是差點惹到最不能惹的人了,0,0,0
N711,中國例外 請中國長城關好費雯流出,0,0,0
N1291,肥宅不要亂告白,0,0,0
N1260,回去翻一下理化課本好嗎,0,0,0
N81,發現身邊的人都是魯蛇的時候,0,0,0
N1116,這篇釣得到 我把結衣幹到叫不敢,0,0,0
N1238,加拿大就是跟美國簽服貿 結果內需產業全被美國打爆,0,0,0
N239,教主開玩笑的啦 像我上次剛嗆完教主 結果,0,0,0
N1100,還以為美國屌面,0,0,0
N1143,purine要怎麼念成蜜蜜子,0,0,0
N414,本店不歡迎肥宅♪♪♪,0,0,0
N376,天天一帥哥 保證笑呵呵 看A腐逼挨 心情不悲哀,0,0,0
N1559,後就建國成功,0,0,0
N603,開窗大喊「賽林涼吉掰 齁大蘇牙啊 幹」,0,0,0
N45,愛情是什麼？這是不能強求的東西,0,0,0
N910,去看看賭鬼的,0,0,0
A269,啊就我覺得她好看 但也就只是好看而已,1,0,0
N1084,真的...到底什麼智障設計，還是bug？,0,0,0
N1732,職場跟社會生存鐵則  不要選邊站,0,0,0
N186,台灣沒人才,0,0,0
N1118,可以去告版主侵吞你的著作財產權 告到他不要不要的,0,0,0
N1365,健一會使出忍術考0分之術,0,0,0
N823,再從嘴巴出來,0,0,0
N153,的人際可能有影響,0,0,0
N1842,台灣歌手都去中國了 上一堆假掰矯情的歌唱節目,0,0,0
C325,一口氣 把 這些 年 憋 在 心 裡 的 感受 講出來 ， 眼淚 完全 止不住 ， 痛哭流涕,0,0,1
N1383,提早就醫求助  可有效減緩,0,0,0
A81,我 現在 面臨 轉系 ， 一 開始 也 怕 換 環境 什麼 的,1,0,0
N1359,這任務交給你發明了,0,0,0
N854,你可以開車上下班 別人不可以去洗頭 ？,0,0,0
N657,可以幹,0,0,0
N458,台灣垃圾量和能源浪費是全球數一數二（以數字來看）,0,0,0
N537,麻煩撐開一下你的咖稱,0,0,0
N1072,是愛同性戀的表現，要同性戀脫離聖經說的罪,0,0,0
N594,蠻牛 費神戴的那兩隻以外不用浪費錢買,0,0,0
N672,爛東西 品質差的又難消化 當作沒這個節好一點,0,0,0
B177,住宿可以學到很重要的一點就是溝通吧,0,1,0
N704,中樂透買下公司,0,0,0
N1749,有時候活著比死還痛苦和難受~,0,0,0
B242,健康 家庭 的 第一 定律 — — 夫妻 關係，才 是 家 中 的   No.1,0,1,0
N684,我妹妹都會開水龍頭或按沖水蓋掉 給你參考,0,0,0
C315,你 有過非常 怨恨 你 的 家人嗎？ ,0,0,1
N1592,只有麥當勞外送,0,0,0
N93,體脂肪最高代表,0,0,0
N1795,愛子好好的公主不當學壞跑去當8+9出陣頭,0,0,0
N328,有實力 比其他炒短線的歌星強太多了,0,0,0
N1204,都找恐龍啊，真的很愛冒險,0,0,0
N141,越來越怪了，為了彌補同性戀女兒亂搞一通,0,0,0
N217,拿紙本公文跑來跑去、聽文組官員指手劃腳,0,0,0
N1625,還有人開車時車窗全關聽音樂呢,0,0,0
N835,跟8+9一樣 今天公祭明天忘記,0,0,0
N908,妙麗嘴臉超噁心 偏激女權，演技超爛 滾,0,0,0
N864,每個人都開車騎機車，塞爆好嗎？,0,0,0
N476,說我帥 太。沉。重,0,0,0
N1108,會被staff23 ㄕㄢㄨㄅ,0,0,0
N241,我知道你想講蔣開穴 但悟空:,0,0,0
N646,都自己想 自己寫,0,0,0
N989,害???? 中國人看哪一國都覺得素質高好嗎,0,0,0
N544,跟你一樣醜,0,0,0
A286,我們公司不看學歷，沒在徵才,1,0,0
N1464,爐石一對臭甲獸人  不如用SV的斑比醬來占卜,0,0,0
N1535,想幹死富江,0,0,0
N659,還有人在玩喔?,0,0,0
B235, 我 就 覺得 那個 犯人 簡直 有病 ! ,0,1,0
N993,戰htc,0,0,0
N1440,皮帶有裝好嗎,0,0,0
N17,你這幾天要小心吧..,0,0,0
N1042,台女再賤還不是低聲下氣去捧,0,0,0
N520,有規定一定要外國紅，台灣才能紅？,0,0,0
N885,美國最大銀行? 哈哈,0,0,0
N1730,不一定是好笑，但你可以知道某些人真的人狂,0,0,0
B251,但是你的說法也沒錯,0,1,0
N227,經濟不好一定勞工的錯，總統絕對是對的,0,0,0
N442,乾 總算進來了,0,0,0
A125,妹妹也豪口愛,1,0,0
A122,一起撐香港，反極權！,1,0,0
N1248,棒協：還好酸民不敢,0,0,0
N1329,掉的到的話我看小叮鈴的圖片打____,0,0,0
N25,真心不知道怎麼辦了,0,0,0
N169,開始準備做麵粉,0,0,0
N1074,用手機記錄發生的事情,0,0,0
N49,看有沒有單親能補助的東西,0,0,0
N775,台灣魯蛇聯盟,0,0,0
C320,我後來想我那一年應該是有點不甘心，又習慣「喜歡」這個人,0,0,1
N1777,而且戲說台灣還有繼續做 超經典,0,0,0
C309,後悔 沒有 多 陪伴 家人,0,0,1
N1479,不要再講什麼日本人遇到英文就退避的屁話了,0,0,0
N158,看照片主流是 學生 肥宅 8+9 陪男友,0,0,0
A94,我跟你一樣只差不是水瓶,1,0,0
N590,19人就夠了，被豬殺死，這場等隊友carry了,0,0,0
N212,去問你阿公,0,0,0
N1326,人家花多少時間打手槍你花多少時間打手槍,0,0,0
N916,威爾史密斯不是去演美隊系列獵鷹了?,0,0,0
N1654,永遠不開機應該很戲劇性,0,0,0
N1852,就引擎買的呀！供應商查一下就好清楚了,0,0,0
N513,抓他到旁邊打_,0,0,0
N355,用聊天機器人騙裝備如何？,0,0,0
N5,地上都是碎玻璃！掃地了嗎？,0,0,0
N12,人家本性難改就不勉強她轉正了,0,0,0
N272,你只要會五十國語言加上從未缺勤也能申請,0,0,0
N1590,每月都沒開拉!,0,0,0
N1076,金髮軟體醜女阿,0,0,0
N446,選大碩不用選大學 台灣教育制度真的很..,0,0,0
N1801,圖片那髮型已經屌打很多只會剪短剃高的台男了好嗎？,0,0,0
N1763,佛教學校，畢業出來不是廟住就是塞公,0,0,0
N1735,台灣人不是多數想台獨,0,0,0
B274,我當時就是覺得如果他真的喜歡她，又或者他根本就沒有喜歡我，我告白了就可能就會很尷尬,0,1,0
N193,切肥宅的背脊肉去做排骨便當，就會 又厚又大塊了,0,0,0
B249,其實我覺得你們都有各自有道理的地方,0,1,0
N1576,金錢豹的話  要你的錢  也在乎你是否快樂的,0,0,0
N82,不支持哪個部分?,0,0,0
N477,說不定有些已經館訂了,0,0,0
A16,不過我也是那種放了消息就潛水的人,1,0,0
N381,派國家隊就會贏了 沒看我們讓很大嗎 都派地區隊,0,0,0
A61,你是鹹豆漿派還是甜豆漿派,1,0,0
N1354,子宮好騷疼,0,0,0
N1253,會到中X上班 可能真的是記者中程度最低的吧 可憐,0,0,0
N607,律師是算鐘點費的 講太清楚怎麼多賺你錢？,0,0,0
N432,甘你屁事 不會滾去自殺就都不用選 幹,0,0,0
N1268,這鞋子重的要死，真不懂為何這麼多人想要買來穿,0,0,0
C323,什麼 情況 下 ， 明明 不 喜歡 對方 卻 願意 讓 對方 挑逗 跟 輕撫 跟 揉 ， 除了 約炮 我 想不到 其他 情況 ,0,0,1
N433,穿反光背心就是要上場面fo了啦,0,0,0
N745,美國駐紮在中國大使館、領事館的海軍陸戰隊有佩槍,0,0,0
A27,我身份證不能用 之前掛失 禮拜五去解決 所以line pay還不能申請,1,0,0
N1659,賣保險說的話跟政府說的話等級都差不多,0,0,0
N1443,H&M...,0,0,0
N562,你可以進去花一百五 買半隻烤雞 一起吃阿,0,0,0
N1755,國棟社會搖,0,0,0
N470,人氣靠哥哥 家裡靠老婆 爬分靠小品 惡靈靠龜狗,0,0,0
N829,班長最好是有義務要去拜訪翹課的同學家,0,0,0
N1324,喝完變金龜人,0,0,0
N1844,沒有 單純砍好玩的,0,0,0
N1071,錢哥 去看個身心科吧,0,0,0
N421,小妖女不是，小騷貨才算,0,0,0
N148,hi 肉腳,0,0,0
N1708,日版八成要收了 沒新卡一堆復刻,0,0,0
B146,我覺得有 分手 才 會 成長 ， 只 是 一 個 過程 ， 接受 並 釋懷 ,0,1,0
N1321,勞基法，電業法，選罷法,0,0,0
N1217,準備好什麼,0,0,0
N1336,沒發明抗生素以前的人類真的是極其脆弱,0,0,0
N1671,游鴻明之亂哦,0,0,0
B142,愛 與 不 愛 不只 是 嘴巴 說說 ， 是 行動 ,0,1,0
N1174,高級酸聽不懂的人就轉台比較好,0,0,0
N511,我好興奮啊我好興奮啊,0,0,0
B219, 人 因 無知 而 幸福 ！,0,1,0
N1327,一定是韓國人的陰謀,0,0,0
N291,廣西學人出現啦 去天涯的台灣人多？,0,0,0
N410,不承認中華民國 還享用中華民國資源？,0,0,0
N609,BMI高錯了嗎 為啥要80我,0,0,0
N1362,啊，難怪在臺南想說怎麼有車延遲32分...,0,0,0
N313,人權是一樣的，不管你喜歡與否,0,0,0
N1134,因為現在華人沒人敢拍三級片了,0,0,0
N1775,小時候不讀書,0,0,0
N248,吹個球 吹個大氣球,0,0,0
N406,吃它下面>////<,0,0,0
N691,現在是高點可以換成現金快換,0,0,0
N793,拿不到頂級好歌是硬傷。,0,0,0
N791,出國等飛機結果颱風誤期   心很痛,0,0,0
B173,有 男友 之後 不 太 在乎 其他 男生 的 眼光 ， 就 沒有 什麼 自卑 的 問題,0,1,0
N1195,這道來說肥宅比阿基師強  滑還要更滑,0,0,0
N1655,她的臉 配上另一個奶 就是100分了,0,0,0
N1093,先查一堆資料 帶過去說你看過惹 其實不一定要先看,0,0,0
N184,不能穿內褲，有一年農曆七月我穿上了內褲，結果竟然,0,0,0
N203,74團加油好嗎 寒蟬效應不是這樣玩地,0,0,0
N1658,中藥，調身體，綁住你，調調調……,0,0,0
N185,阿就開刀如果不小心劃到腸 你的屎噴的到處都是,0,0,0
N1563,八月桂花香吧  老闆超愛的,0,0,0
N1609,台灣國覺青在慶祝中華民國雪崩外交,0,0,0
N151,醒醒吧快去準備學測,0,0,0
N1462,交易的時候怎麼不談忠誠,0,0,0
N1421,南斯拉夫內戰互相種族屠殺,0,0,0
N1087,高調 記者我嗆你/妳們後續不敢報!!!!!!,0,0,0
N358,幻想右肩了5個幼幼妹妹，保證宅男污名化,0,0,0
N400,最後悔做的事 應該比較一致,0,0,0
N1661,你挑的不怎樣 網路上更多更正的照片,0,0,0
N1569,被正妺爆蛋…舒服,0,0,0
N528,已經移走一大批人了，廣東是最大的僑鄉,0,0,0
N1294,不行啊 宅宅就是要嚴打 一直戳他痛處才是硬道理,0,0,0
A82,其實 我 蠻 主動 的 了   ， 我 有 些 邀約 她 也 都 說好,1,0,0
N1502,韓國每個團的歌都一樣公式啊,0,0,0
N1016,千萬別去媽寶版說，會被說不能體諒。,0,0,0
N181,滾啦寄生迷去隔壁西區好ㄇ,0,0,0
N347,早點洗洗睡 好嗎,0,0,0
N411,乾 我是不是跟帥哥這個稱號無緣QQ,0,0,0
C301,不 想 讓 他 覺得 因為 我 而 不能 做 很多 事情 ， 但是 這樣 卻 讓 我 不 是 很 愉快,0,0,1
A23,最喜歡跟女朋友一起做甚麼 ？,1,0,0
N572,天母美墨旁邊開一間KFC 投資者腦子不知道在想啥,0,0,0
N1171,去湯姆熊玩啊,0,0,0
N95,不用做口碑喔,0,0,0
B199,你 好像 有點 太 在意 失敗 這 件 事情 了 ， 勸 你 不要 怕 失敗 ,0,1,0
N1513,有康寶雞湯塊，你也可以是食神,0,0,0
N50,同意同意,0,0,0
N1168,先教他打飛機,0,0,0
N956,只想看賈靜雯,0,0,0
N1831,有看到蟑螂就贏了,0,0,0
N160,你是第99999個問這件事的人,0,0,0
N1052,這樣以後就不能拿自己是女生來說嘴了,0,0,0
N1780,19字 掰,0,0,0
N1747,二戰 德國舊馬克 表示,0,0,0
N673,韓國年輕人沒進前十大企業 比台灣慘,0,0,0
N1847,你可以叫中國測試看看,0,0,0
N220,realtw，XX製造機,0,0,0
N634,你是想多早,0,0,0
N1465,你國小同學是智障 end,0,0,0
N598,以前是地虎 現在被北部狠甩 只能當地鼠了,0,0,0
N1455,就偽板主丫 你是第902413位問這個問題的人,0,0,0
N427,發這文請附圖,0,0,0
N1312,正在吃小泡芙,0,0,0
N1099,聽老一輩說，好像是習俗，有越炸越旺ㄉ意思!,0,0,0
N1348,想當初在八卦被雷結局就不爽 補個幹,0,0,0
N165,暁子我可以!!,0,0,0
A291,我很想念我的家人,1,0,0
N1159,因為太餓了  幹完就達她回南台科大,0,0,0
A104,我家開公益路上一家燒肉店 身高很高 喜歡戴老帽 Ig粉絲多人,1,0,0
N1285,黃Yee派來的,0,0,0
N676,愛是一種化學變化，會燒完QQ,0,0,0
B159,價值觀 不同 真的 不要 在一起 甚至 是 結婚 ， 要 和 你 走 一輩子 的 人 ， 路 上 還 會 發生 多少 事,0,1,0
N1450,對方愛錯人的時候,0,0,0
B252,所以我覺得從你的角度，你應該去檢查他想花費東西是不是必須,0,1,0
N1394,暴露年齡了！老人吼？,0,0,0
B166,況且 你們 也 還 沒 結婚 完全 沒 必要 這樣 養 他,0,1,0
N1595,沒人坐無所謂 但是有人要坐還不讓開真的很幹你娘,0,0,0
N992,應該射完才說,0,0,0
N10,傻眼,0,0,0
N1751,請問中國除了中共這個最大黑道有其他知名黑道嗎,0,0,0
N9,都大學了不是嗎？,0,0,0
N963,人少清幽，這點贏台中,0,0,0
N1053,傷心得人開靈車,0,0,0
B234,你 支持 廢除 死名 嗎 ? ,0,1,0
N778,潘阿才在那吃晚餐,0,0,0
N561,滾去自殺 不用客氣,0,0,0
C307,在 我 五 歲 的 時候 離婚 了 ， 想 抱怨 什麼 ， 但 每 次 想起 總 覺得 很 苦,0,0,1
N1645,kellymochi我老婆,0,0,0
N1082,根本之道就是每個人都繳一樣多 退休後也都領一樣多,0,0,0
N380,改革找國棟,0,0,0
N1783,幫他吹喇叭還回去 吹一首好聽的歌曲,0,0,0
N1696,按部就班能賺什麼錢還被笑奴,0,0,0
N1580,老闆變中資了,0,0,0
N1317,美國彈射器不是英國設計製造？,0,0,0
N1225,戰鬥女子學園,0,0,0
N1484,有抓到市場消費者喜好啊～,0,0,0
N1581,幹你娘是在快三小的啦,0,0,0
B264,我覺得這個想法很棒,0,1,0
N1056,我幹你媽的糞青,0,0,0
N447,吃的跟肥宅一樣大隻就能做大事,0,0,0
N650,一碗$80料超多 然後可以跟老闆說要加麵,0,0,0
N764,聽說雞肉沒事,0,0,0
N668,放蘿莉控國歌,0,0,0
N890,看起來好難吃 又焦又沒醬,0,0,0
B167,建議 還是 要 為 自己 存 點 錢 不要 通通 花 在 男方 身 上 了 ！,0,1,0
N1057,長官，你還沒入伍我已經在這待了50年了,0,0,0
C299,男朋友 也 不會 讓 我 覺得 自卑 ， 可是 在 還 沒有 男朋友 之前 滿 自卑 的 ,0,0,1
A28,好 我等等打給她,1,0,0
N324,感覺超難聽 假搖滾+假R&B,0,0,0
N547,尻一槍 聖人模式就好睡了,0,0,0
N387,沒什麼人啊 該不會...,0,0,0
N777,對人類文明進步毫無貢獻 還毫無廉恥心。,0,0,0
N839,崩潰的就老人阿 老人沒有辦法接受新事物,0,0,0
N1664,以前屁孩時期闖紅燈被壓在車底縫線，差點gg,0,0,0
N1856,觀落音就知道了，問館長幹嘛，要問法師吧,0,0,0
N625,當然是正妹，帥哥還要看有沒有錢,0,0,0
N1316,真的該改一下上班時間吼,0,0,0
N1131,金鐘獎也不可能啦 就這幾年萬秀豬王,0,0,0
N1793,年收六十萬但是總資產一兆的話算是有錢人,0,0,0
N1497,3 頭髮好毛,0,0,0
A30,你吃飽了沒,1,0,0
N1832,高雄客運 彰化客運 白鴿交通(屏東客運),0,0,0
N13,讚讚,0,0,0
A84,我要來去Steam秋季特價買東西,1,0,0
N322,還好我住台北，又不是住在落後鄉下,0,0,0
N554,奴性不夠重的都被人殺光了 你說呢,0,0,0
B198,我 覺得 抱怨 的 目的 是 為了 抒發 情緒 ， 而 不 是 改變 現實 。 ,0,1,0
N767,站內信把錢匯給我 吧 我好餓,0,0,0
N98,有錢人不帶錢包的...,0,0,0
N1146,幹 嗆三小,0,0,0
N1234,正妹有肥宅警報器 有肥宅就會避開 懂?,0,0,0
N307,gan你妹的中和徐蟲泰還錢啦!!!!,0,0,0
N171,Elekedji,0,0,0
N1703,跟小學生說作業被狗吃了一樣，爛藉口,0,0,0
N853,放火整天消費周子瑜……,0,0,0
N1104,永川好難吃 我上次第一次去吃,0,0,0
N700,上禮拜才看到有人跑去換  當然是被換過的  哈哈,0,0,0
N6,被戳中笑穴,0,0,0
N1236,這麼早就大紅已經很好了 多的是根本沒人記住的,0,0,0
N260,很生氣沒錯 尤其是看到滯台支那在那扯後腿,0,0,0
N1288,人帥就是潮，肥宅就是油,0,0,0
N880,實！民進黨還在包庇？給我出來下跪道歉！,0,0,0
N832,目標明顯 遇到壞人比較容易存活,0,0,0
N799,8+9，毒蟲，精神病，不定時炸彈很多種...,0,0,0
N1027,看完skt對FW 直接上考場,0,0,0
N111,人家 是真的有實力的 反觀希婆,0,0,0
N1727,南西還不睡喔,0,0,0
N107,這個時候你們2個中間的手從後面迴上來把他大臂絞住,0,0,0
N1814,哪有什麼相反 明明不一樣的東西,0,0,0
C314,我真的很不想給人家知道,0,0,1
N1882,我的另一半什麼時候出現,0,0,0
N62,真的,0,0,0
N773,台女>甲>>>>>>>>>>>>>台男,0,0,0
A93,我的異性朋友比我男朋友多但我好像比較常吃醋,1,0,0
N578,台北貧民窟的人就算住貧民窟還是要裝闊拿哀鳳,0,0,0
N1018,有吃過拿3腥的質佳魚算不算??,0,0,0
N1601,是甲也比魯蛇好ㄌ 至少有洞玩,0,0,0
N1132,才5月 台電藏電欺騙台灣人(開冷氣,0,0,0
N1836,在臺灣的基本上應該是低調友好外交吧 兩個邊緣人,0,0,0
N1106,趕快找他師兄回來教訓他阿,0,0,0
N48,這很正常沒錯,0,0,0
B267,我是覺得妳朋友也有問題 也有可能是睜一眼閉一眼,0,1,0
N1740,然後天龍國民還以為自己真的尊爵不凡,0,0,0
N1466,想試 可是我不喜歡吃酸菜 就一直擱著,0,0,0
N346,糞土匪人員額度！！。．詞人民間,0,0,0
N1490,來我家吃吃看,0,0,0
N970,外國人擦脂抹粉的垃圾最令人討厭，當外國人等於中國,0,0,0
N350,初音不是軟體,0,0,0
N1246,爸爸 國民黨高級黨證 民進黨中高級黨證 軍人世家,0,0,0
B218,只要去 做 些 原本 不 敢 做 的 事 ， 現實 狀況 都 會 好轉 ,0,1,0
N1731,先去銀行開戶 然後請媽媽匯給你,0,0,0
A342,家人們不希望我去報警，但是我爸爸他真的下手很重,1,0,0
N1786,不是 還有你怎麼知道是同公司的人搞他....,0,0,0
B352,我覺得越生氣越兇小孩會越害怕說實話耶,0,1,0
N1280,Nigger問候，反正又不在美國，那是美國文化。,0,0,0
N1155,重考去大葉,0,0,0
N1400,斧頭幫在這街坊開一個堂，你就是堂主,0,0,0
N1187,我在美國都買這牌，便宜,0,0,0
N592,螢幕上的手油就看得出來了幹嘛要化學藥劑,0,0,0
N221,我棒球慢壘兩邊都打，打擊沒問題守備就不太行了,0,0,0
N319,幹嘛吃自己的肉,0,0,0
N1815,我每年都去銀行換一次零錢 大約都有1萬,0,0,0
N1181,掀起了你的蓋頭來　讓我來看看你的練,0,0,0
B247,我覺得我沒有辦法了,0,1,0
N1781,別庸人自擾了,0,0,0
N250,「為了增加陰氣 就羞恥的扮成偽娘吧」,0,0,0
B226,你 根本 沒 錯 ， 錯 的 是 那些 小心 眼 又 愛 吃 醋 的 男生 。,0,1,0
N883,現實社會的邊緣人…各位給他們點空間吧…,0,0,0
N542,鴨肉哪裡買的   米粉超噁難吃,0,0,0
N632,第一個吃牛鞭的在想什麼,0,0,0
A48,你的寵物叫甚麼名字,1,0,0
N1487,廣告不實，說全家就是你家，拿東西還要給錢,0,0,0
N1790,兇什麼明明就沒啥改,0,0,0
N276,靠北 回錯篇,0,0,0
N177,講都很有道理  實際發生在自己身上又完全不一樣了,0,0,0
N199,靠北這幹嘛討圖,0,0,0
N92,就變成席巴 被玩家電爆,0,0,0
N1485,沒有資料,0,0,0
N1151,蠟筆小新有演過 複製人那個,0,0,0
N1198,反而日本人早上並不吃漢堡之類年輕人也一樣,0,0,0
N1493,自己買個小電風扇吧,0,0,0
N1883,有小孩有動力,0,0,0
N1542,想買都買不到,0,0,0
N154,你有坐著看完嗎  還不是跑去開零食,0,0,0
A115,我已經畢業了,1,0,0
A137,我是新竹人,1,0,0
N1667,烙印比獵人還慘，神之手一個都還沒幹掉就畫這麼多年,0,0,0
N194,那些看日劇的人都剛好成長,0,0,0
C327,心情 每 一 天 都 過 的 很 槽 ， 每 天 幾乎 會 哭 一 次,0,0,1
A292,我很想念我媽媽,1,0,0
N1641,帶天命。在鬼島是要抓乩替宮廟辦事的說詞,0,0,0
N1393,無恥工讀生跟腦殘仇女廢材會支持狼師,0,0,0
N473,油雞改成醉雞而已,0,0,0
N384,非洲一堆國家和中國正打得火熱朝天咧，很多關係是從,0,0,0
N593,新竹風飛沙感覺比嘉義蕭家班還猛,0,0,0
B276,「溝通」真的很重要，真的要先說清楚自己的需求/雷點,0,1,0
N1130,還蠻賺的 而且盟內有個職業商人超好用....,0,0,0
A114,我要畢業了,1,0,0
N849,所以為什麼要發很多甲甲相關文章？這裡是甲版？,0,0,0
N1837,開心R http:)www.XD.com,0,0,0
N1426,"6年狂賺9億 台灣""排毒教父""林光常官司上身",0,0,0
N146,那這樣給他們多一點退休金和福利好像也沒什麼不好,0,0,0
N1019,好啦好啦 生日快樂,0,0,0
B197,一直 不 認為 結婚 就 要 雙方 家庭 所有人 都 滿意 喜歡 才 能 結,0,1,0
B163,愛情 是 一段 旅程 ， 人 們 走走 停停 來來往往,0,1,0
N1875,讓五毛加班48小時阿顆顆,0,0,0
N18,若有人對妳不利，趕快跑到熱鬧的地方,0,0,0
N1133,就安排好的人 下一位.....,0,0,0
N243,打不到美國  但周圍人人有獎呵呵,0,0,0
N32,特別版史努比好像不錯,0,0,0
N242,是沒看過斑馬喔,0,0,0
N422,覺得老闆好像很可愛！洋蔥再細一點軟一點應該不錯吃,0,0,0
N299,當兵的時候，因為去當證人，乾！！麻煩死了,0,0,0
N760,等你拍手叫好,0,0,0
N257,大隻馬跟龍不一樣 不懂別亂說,0,0,0
N1126,所有的國小以前都是墓地,0,0,0
N973,先比髮量再說,0,0,0
B256,我覺得妳小劇場好多,0,1,0
N813,當然菲律賓女傭贏 還用說阿,0,0,0
N1061,那你能說為什麼愛長髮嗎,0,0,0
N584,喵喵在演台灣靈異事件嗎,0,0,0
A136,我有一個一見鍾情的男朋友，交往了10年,1,0,0
N1266,國考一堆會考，看你有沒有要當米蟲,0,0,0
N1446,演到後來會變成家樂福董事長和股權之爭,0,0,0
N301,不管哪種瀏海都剪過，沒好運過。,0,0,0
N800,夏威夷會變成中國自古以來，神聖不可分割的一部分,0,0,0
B236,我 覺得 那個 人超 誇張 的 ， 問他 話 也 不 回,0,1,0
N1257,現在在台灣的大企業能不能稱十年都很難講,0,0,0
N1501,就跟白海豚說 3 = 8 一樣意思,0,0,0
N1650,鬼島邏輯：對別人來說是特權的，對自己來說只是人權,0,0,0
B339,因為確實男友對我也不錯，要因為這樣分開也滿可惜的。,0,1,0
N205,古代獵戶打獵到動物 可以賣很多錢,0,0,0
N802,死魚還是在水下比較好,0,0,0
N1508,類永遠沒辦法從歷史學到教訓,0,0,0
N1036,司改不敢談人民最關心的廢死議題，這種會議開假的啊,0,0,0
N1604,說到八仙 呂仲吉後來怎啦,0,0,0
N1243,少來 去每個星座版po 一定有人說好準,0,0,0
N305,獵人 一拳超人 亞人,0,0,0
N1838,想護航那個垃圾政策只對有錢人有影響？,0,0,0
N1660,TLC   vs.   企業級死雞？,0,0,0
N1807,除毛一下穿個黑絲襪就可以騙人了,0,0,0
N701,考s形還有人偷倒車 你說呢,0,0,0
N42,哈哈哈哈 直接硬來,0,0,0
N420,看敘述有點受不了了 想舔 +1,0,0,0
N1851,這首沒聽過，怪自己蠢吧,0,0,0
N703,cross就是會有智障寫成X咩,0,0,0
A7,你喜不喜歡唱歌？,1,0,0
C319,我七年初戀也分開了，累積太多委屈與傷害，分開了反而心裡輕鬆,0,0,1
A72,啊 啊 啊 啊 啊 啊 梅子片 超讚 的 啊 我 等下 一定 要 去 買 一 個 來 吃 ,1,0,0
N848,妳男友帥嗎,0,0,0
N462,北部誰跟你台成清交 認清自己回南部好嗎 呵呵,0,0,0
N1753,大清提督認證的特級廚,0,0,0
N1855,其實不會很難看得懂，就有點點文白夾雜的感覺,0,0,0
N1520,在龍潭大池辦 吃對面的複園控肉飯,0,0,0
N624,去搜尋 line movie 就知道了啊,0,0,0
N803,忙著分屍台電阿 偉大的蔡英文政府總算讓電業法過了,0,0,0
N510,因為你都用手指探進去,0,0,0
N1862,錢多你都知道嗎,0,0,0
N1129,我看去女版找那個失戀心得文寄信還比較實際啦,0,0,0
N74,學校有高爾夫打擊場 那時候無聊就去打,0,0,0
N1459,你可以去問大久保麻里子....,0,0,0
N770,又不是中一千萬有什麼好問的,0,0,0
A294,你 有 什麼 愛好 ？ ,1,0,0
N1765,不會有人想看吧 說不定還被開罰單ㄏㄏ,0,0,0
N538,等等要跟著要送女生回家然後記得上樓,0,0,0
N1818,找阿福打教練,0,0,0
N955,方便消化啦 吃一堆炸的肉容易大腸癌喔,0,0,0
N216,機車行前面的機車格都被機車行占滿很討厭,0,0,0
B279,我覺得這樣比較不好…雖然他的行為也有不對。,0,1,0
N617,四皇來個5年.超新星5年.剛好10年完結,0,0,0
N1029,長得真的漂亮,0,0,0
N1397,你484工讀生,0,0,0
N254,好像台女不愛426？,0,0,0
N1616,巷口 後面巷口 隔壁巷口,0,0,0
B160,價值 觀合 的 話 就 是 依靠 跟 交流 的 出口 ， 不合 的 話 就 是 更多 的 厭惡煩躁 。 ,0,1,0
N85,我把你當人看,0,0,0
N1347,插一插通一下,0,0,0
N1668,反而覺得firefox變難用..,0,0,0
N46,台男素質,0,0,0
B201,我 覺得 男生 好 相處 多 了 ,0,1,0
N519,你看什麼漫畫有講痔瘡?? JP,0,0,0
N344,這個姓黃的圍棋實力太強了 居然能把電腦教到這麼強,0,0,0
N1527,這種低階工業台灣的成本是進口的3倍,0,0,0
B337,不管是多好的朋友 在沒經過同意就亂看還愛講根本沒品到極致==,0,1,0
N1229,記得有人說，日本當地大金不是銷售最好的，反觀台灣,0,0,0
N1796,我不認為是假的，因為宇宙太大了，星球太多了，什麼,0,0,0
N479,哪裡很多都是無窗框 大部分都是雙門才做無窗框,0,0,0
N502,有的美國警察跟你說的特徵有八成像，人家也有刺青呢,0,0,0
N21,能體諒你,0,0,0
N1623,神三小 不努力讀書的人有什麼好採訪的,0,0,0
N1203,幹那個死胖子好噁,0,0,0
A80,那 時候 就   太 害羞 沒 自信 啦 ， 然後 當時 遇到 的 同輩 異性   都 不怎麼 友善 ,1,0,0
N1388,跟樓梯有87%像,0,0,0
N176,恩我標題錯誤應該是說富奸很快把梗用光,0,0,0
N478,嚴老闆座車先全用自家產的再說,0,0,0
N1373,你會去豬圈罵豬貪吃嗎？,0,0,0
N576,理組肥宅也有不少日文好的 日文系優勢沒以前好高,0,0,0
N922,路不熟到時候沒連結在一起不就繞一大圈,0,0,0
N985,西班牙直接搶城鎮中心 漲不漲 都沒差,0,0,0
N1620,終極三國,0,0,0
B164,這 就是 現實 的 無奈 ， 愛情 本該 是 刻骨銘心 的,0,1,0
N644,本本作者發揚光大,0,0,0
N275,只有電蝦板重返榮耀吧 你看看市占率,0,0,0
B232,覺得 妳 太 敏感 ， 腦補 太多,0,1,0
N15,抱歉,0,0,0
N817,酒保亂說話差點害人孤老終身,0,0,0
N867,幹得好的話說不定還以前可以拿唷,0,0,0
N1583,欸三小辣幹,0,0,0
N1868,南部人多的是嘴巴幹腳說要捷運 身體誠實在騎機車,0,0,0
N976,虛構的小說不值一提,0,0,0
N716,5f尻出血,0,0,0
B261,未來能規劃地也有限 還沒做到的事也不好一直說嘴,0,1,0
N725,戰車是什麼梗啊,0,0,0
N1606,女生不會直說你包莖啦，會說這龜頭長不一樣,0,0,0
A42,你最先注意的是他的哪一部位？,1,0,0
N1615,自冉時報加dpp名嘴才是真的,0,0,0
N679,去當補習班國文老師,0,0,0
A4,你希望在哪一方面很厲害？ ,1,0,0
B297,失戀 很 痛 沒 錯 ， 別 因為 怕 痛 就 不再 相信 愛情,0,1,0
A39,滿意現在的身材嗎？,1,0,0
N145,唱過 I'm yours,0,0,0
N383,先叫自己爸媽退休啊,0,0,0
N945,俺物語 你朋友真的很帥,0,0,0
A12,我們十二月中偏底可能會約一次,1,0,0
N1452,掩蓋習大大大便不沖,0,0,0
N991,我也是 看太多 想吐,0,0,0
N656,先看劇本就沒問題,0,0,0
N820,同意 五月天人氣勝周 但音樂品質 周大勝,0,0,0
N1834,政府又動不動破產 愛繳當盤子?,0,0,0
N1489,認真回，會願意在你身上花時間的,0,0,0
N63,不會,0,0,0
N1415,請槍與玫瑰來 害我嚇一跳XDD,0,0,0
N698,妹妹跟老婆 一開是也是敵人,0,0,0
N362,這是倖存者謬誤  男生被性侵很爽就不會告,0,0,0
N1675,外送熱湯啊!  保證生意超好,0,0,0
N757,我比較想知道HTC買在1300的人在想什麼,0,0,0
N556,不然就扮白人跪舔黑人大大，完全政治正確，阿斯!,0,0,0
N615,姆咪成這樣真的有夠智障...,0,0,0
N1177,強制申裝，讓黑人變成無恥的某族群哈哈,0,0,0
N1729,其實演得不錯 給房祖名詮釋的話倒是一種挑戰,0,0,0
N1227,七點別再op囉,0,0,0
N1139,那間廟還有他的芳名錄 聽說很靈驗 在屏東的樣子,0,0,0
A148,他 以前 覺得 我 單獨 跟 男生 吃 不 太 妥 ， 但 現在 因為 感情 比較 穩定 了 就 信任 我,1,0,0
N1342,四個月爽兵出來一樣菜好嗎,0,0,0
A14,你喜歡玩遊戲嗎？,1,0,0
B281,我是覺得蠻小心眼的啦，而且他一直高高在上的態度,0,1,0
N1123,姆咪我不知道  不過蕾姆是藍的,0,0,0
N997,問他為什麼這麼懶都不說話,0,0,0
N1169,不重新開機不然卡在黑屏不動喔,0,0,0
A196,其實 我 正 也 面臨 這 個 問題,1,0,0
N255,吃了分類還不夠?,0,0,0
N357,雖然很多人說糞，但還是賣很好,0,0,0
N1270,張遼血厚連白痴新手都會玩 高順血薄不會抓時間瞬殺,0,0,0
B172,我 覺得 沒 事 回家 陪陪 家人 放慢 一下 生活 步調 也 不錯 啦,0,1,0
N325,美國不會保護台灣 中國是自己孬才不敢打的對吧,0,0,0
N904,我們體育課調到運動會那天 4堂調過去 你敢不去,0,0,0
N1845,開始環境清掃 買菜做菜 附近串門子找人聊天,0,0,0
N516,漢人裝什麼南島族,0,0,0
N709,馬的智障沒圖,0,0,0
N694,當兵是我二十歲以前罵操x逼最多次的時期,0,0,0
N1870,就跟文創一樣，摸不著邊際，但是有一堆專家和顧問,0,0,0
N1051,個人認為大部分網拍業者不可信,0,0,0
B227,我 個人 覺得 部分 獨立 的 女生 其實 就 有點 像 男生 的 木頭 。,0,1,0
B193,我 相信 分手 是 因為 我們 的 緣盡 ,0,1,0
N263,天堂新職業啊 問4x他知道,0,0,0
N405,就是想漲很久了 剛好抓住這次一例一休時機,0,0,0
N1545,這種地震就要跑 你是台灣人嗎,0,0,0
N921,去開房間好嗎？,0,0,0
B202,我 覺得 你 要 多 為 自己 爭取 權利 ,0,1,0
N1498,你爽就好啦,0,0,0
B189,我 也 是 相信 純 友誼,0,1,0
N1311,早午餐店就騙文青的地方 去美而美就好了,0,0,0
N1886,人都騎車開車比較快跟習慣,0,0,0
N363,這種日常番不是早就爛掉了嗎？,0,0,0
N1220,然後人資打來說你沒證照喔其他人都有耶，這樣你第一,0,0,0
N1418,民間信仰從小教你搞關係走後門送賄賂，他說得沒錯,0,0,0
A118,我之前因為一杯奶茶被外送員打翻,1,0,0
N103,沒地方去不知道要去哪時的最佳選擇啊,0,0,0
N361,現在喝台灣農林的蜜香紅茶,0,0,0
N1386,正在讀國立學店準備下學期轉學考,0,0,0
N202,媒體黨工希望你覺得亂是因為現在才這麼亂啊,0,0,0
N1848,一個月請4天?! 她是有那麼多假喔?,0,0,0
N1239,要閃了別人留什麼印象沒差,0,0,0
N972,你還會討論女森地位太低  你有討論過宅男地位嗎,0,0,0
N1245,小心眼見不得別人好 愛計較 我是說我遇過的哦嘻嘻,0,0,0
N1162,我認識一位最會記仇的義務役,0,0,0
N776,QQ最後一隻袋狼聽起來好可憐,0,0,0
N466,中同學三年沒補過半課，還是考74級分屌電一堆補習,0,0,0
N483,朋友妻不可戲，朋友情婦大家騎,0,0,0
N1140,在台灣開最強風容易故障,0,0,0
N1041,該醒了吧  都晚餐時間了還在睡屁,0,0,0
C326,雖然 日子 過 的 很 痛苦 ， 可是 不 打起精神 又 不行 ， 憂鬱 得 想 哭 。 ,0,0,1
N157,他以前的一堆歌都超屌，ktv最適合的那種,0,0,0
N1022,.. 好啦回一下你,0,0,0
N1771,過兩天會有一隻蘿莉龍出現,0,0,0
N265,民代一起去，鴿子才不會在裝忙拖時間……,0,0,0
N552,台灣人不可悲啊 可悲的是那些裝台灣人的俗啦,0,0,0
N1261,三井體力練起來要刷到30分應該不是問題,0,0,0
N408,等有取締再說吧 怕只說說而已,0,0,0
N1517,怪在那些曾經站出來過的人,0,0,0
N899,樂事有點死鹹,0,0,0
N1323,話說紐約披薩道地有紐約味 義大利人怎麼想,0,0,0
N1164,不夠帥 觀眾緣不夠 沒演到受歡迎的角色,0,0,0
N1310,吳伯雄的兒子都不捐血只顧捐精，你還想怎樣?!,0,0,0
N1045,人醜性騷擾。還是宅在家好惹,0,0,0
N1112,也不用點可愛的ok繃 這樣髒髒的,0,0,0
N1014,今天好像動漫展 可是我不知道在哪,0,0,0
N761,你們中國人,0,0,0
N36,請相信會有轉機的,0,0,0
A45,你最好的朋友是誰？ ,1,0,0
N570,36.226.139.121,0,0,0
N869,不過，沒收也沒有說它是一個國家代受害人強執的手段,0,0,0
N369,補外語 找機會逃離鬼島,0,0,0
N1770,宜在家休養至暑假？,0,0,0
N1709,中共黨主席開放給大家投好不好,0,0,0
N1802,臺中那些人的錢不知怎賺的,0,0,0
N439,神樹峰學園的老師你平常就可以當了 不用特地等暑假,0,0,0
N224,所以即使發生也沒人報案。對了，蘿莉有夠騷。,0,0,0
N285,有 台灣林依晨,0,0,0
N608,好想壓在地上狂抽猛送喔,0,0,0
N1001,豆干吃的下的都是吃止餓的,0,0,0
N938,馬來西亞人有馬來人、華人、印度人組成,0,0,0
N116,吃火龍果拉屎真的很精彩,0,0,0
N1693,十萬港幣的早餐你吃過沒有？,0,0,0
A101,我的想法是自然會有就會有即將步入20歲而已，妳急什麼？,1,0,0
N1090,我家男人ㄐㄐ超大又粗  他什麼東西,0,0,0
N53,覺得你請生理期就是出去玩的男老師也挺靠盃的,0,0,0
N805,其實是一種訊號發射器 可以傳送腦波給別人的媒介,0,0,0
N321,星際爭霸戰的副艦長,0,0,0
N536,演64天安門坦克碾學生 剛好都有現成的學生,0,0,0
N986,假裝演韓劇的情節 然後改編一下,0,0,0
N695,給開司一個保險套,0,0,0
N22,因為同性戀流失了很多老人票真的亡國感XD,0,0,0
N937,東方果實蠅…,0,0,0
N365,好 等下吃什麼,0,0,0
N971,南部人去台北玩也被歧視啊~就大罵天龍人啊~,0,0,0
N944,台灣人很會關落因你不知道嗎,0,0,0
N246,你錢被騙光再自殺結果也是一樣,0,0,0
B259,我覺得兩方都不夠成熟，沒換位思考對方要的是什麼,0,1,0
N1096,台灣團體鬧 不至於把台灣變得那麼慘 更不用說延遲,0,0,0
N879,別人的話聽聽就好，自己知道在幹嘛比較重要,0,0,0
N974,其實我蠻想當冷血的人的…,0,0,0
N335,而且後方的內容也一模一樣 浪費我兩倍時間,0,0,0
N566,願意炒飯就好,0,0,0
N1115,記得要開啟允許安裝不明來源的程式,0,0,0
N1265,還在睡！ 都集合了,0,0,0
N1503,不能穿內褲，有一年農曆七月我穿上了內褲，結果竟然,0,0,0
N831,所有藝人新生代就最討厭他,0,0,0
N1607,噁心肥宅別幻想了  一定不是正妹的,0,0,0
A130,好好笑，可是我覺得蠻好看的,1,0,0
N871,空大那很熱鬧。調監視器看看,0,0,0
N1128,去修不用分組報告的課不就好了,0,0,0
N935,誰會買acer那種爛貨,0,0,0
N769,支持做回SowMap!!!,0,0,0
B145,你 要 知道 的 是 ， 這 男 的 有 多 不 成熟 ， 戀愛 就是 如此 ,0,1,0
N892,有哭有笑，當然也會有悲傷，我們擁有同樣的陽光,0,0,0
N1451,居然摸到麻雀惹 我小時候一直夢想能摸摸看,0,0,0
N729,高雄到處都8+9妹在騎many 蠻準的,0,0,0
N873,這種心理變態去申請保護令還是報警 應該都很難擺脫,0,0,0
N1809,台灣現在很多的工作,0,0,0
N1774,我要睡了啦！謝謝你關心！,0,0,0
N401,自慰後開啟聖人模式才是真的純真,0,0,0
N1712,不想吃，可以吃米田共,0,0,0
N1511,光，中華民國在國際上早就邊緣化了,0,0,0
N1690,可是外國人是信仰,0,0,0
N286,我贊成年金改革，但敢砍我就跟你拼命,0,0,0
N833,鴿子很長去阿,0,0,0
N161,沒有中國魚紅,0,0,0
N1356,不要問！沒記錄的都放哪邊！,0,0,0
N504,革命 奮鬥 救中國 啊嘶~~~~,0,0,0
N1744,你拉著我說你有些魷魚,0,0,0
N1337,#換書也不行喔#你不會跟其他學校的買,0,0,0
N1448,最唾棄這種人,0,0,0
N1785,一個整太多，一個很平庸，你確定是大家的夢想？,0,0,0
A108,我當然也都理所當然的離職了啦,1,0,0
B191,我覺得這件事情是兩回事吧,0,1,0
B150,我 覺得 本來 就 該 避 嫌 ， 除非 另 一半 不 在意,0,1,0
N1888,說真的，75級分不難，每一個科目都有很多分的扣打,0,0,0
N211,又一個褲子被沖走的出來問覺青了真可憐,0,0,0
A268,我男友也是寵爆我的那種,1,0,0
N628,雅加達出了主幹道的房屋跟屏東差不多level,0,0,0
N40,我幫你拿啊,0,0,0
N648,台灣郎的人情味 外勞只針對同為東南亞國家的勞工,0,0,0
B192,我 覺得 是 這樣 啦 ,0,1,0
N341,北高都搭過…高雄一堆這種的沒錯QQ,0,0,0
N569,國外的想課也課不到啊,0,0,0
N964,蓋個賭場不知道會死多少人，嘻嘻,0,0,0
B184,不會 啊 ， 愛 妳 的 人才 不會 這麼 想,0,1,0
N1624,就是你啊 你最信了 別人聽到鬼神都沒這麼激動,0,0,0
N354,人的比賽可以拖很久,0,0,0
N409,小米 跟大陸土豪鬥 超爽,0,0,0
N105,好好聽 聲音讚翻 歌也好聽,0,0,0
N1064,黑人問號不是這樣用吧...,0,0,0
B207,要 生 就 好好 養 ， 該 有的 生活 品質 應該 要 有,0,1,0
A36,覺得有在健身的人怎麼樣？,1,0,0
N982,前提是工程師有魅力吸引選民支持膩？會表演演說嗎？,0,0,0
N651,幫她debug 她才能去跟男友約會,0,0,0
N77,阿薩神族:槍是下等人用的武器,0,0,0
N719,英文一堆抄法文的，難怪現在英美聽到法國就CCR,0,0,0
N415,殺人如麻 ， 不算是中國人或台灣人都直接間接殺人,0,0,0
N573,超廢www,0,0,0
N1640,這樣比下來應該是人的問題,0,0,0
N1391,養條寵物轉移目標,0,0,0
N804,會啊 小米要靠祖國的軟體代言 否則根本賣不出去,0,0,0
N1835,因為女生通常甩人之後還要在被甩的人心上桶個幾刀,0,0,0
N162,這樣台灣就會很有錢了，政府連這都不知道，笨死了,0,0,0
N41,有要找個地方打嗎,0,0,0
N724,這部的老師好像沒繼續畫了好可惜,0,0,0
N1714,同意 又沒越位 幹啥吹,0,0,0
N949,你可以想看看你現在在想什麼,0,0,0
N1531,好啦，生日快樂,0,0,0
N579,車版最近有反柴魔人出沒,0,0,0
N604,先聯合次要敵人打擊主要敵人不懂？只要反綠一切好談,0,0,0
B155,戀愛 的 感覺 本來 就 可 遇 不可 求 ， 再 說 在一起 久 了 激情 早晚 會 被 消磨 掉 ,0,1,0
B265,我不是想否定你，只是這種事情真的不要那麼天真,0,1,0
N1825,不是小模鮮乳我不喝,0,0,0
N884,寒戰先播二再播一超鳥,0,0,0
N749,是笑話沒錯阿...看看執政黨,0,0,0
N311,有沒有上帝我不知道 但我認真覺得物理定律很神奇,0,0,0
N491,司機也分兩派呢 有辦法修法到兩派都滿意再說,0,0,0
N1215,這貓頭好大,0,0,0
N1230,子瑜是被你們中國人逼做中國人,0,0,0
N58,之前看別人訪問韓粉為什麼喜歡韓國,0,0,0
N1648,目前的政府制度，再對比選舉當日大家激動的說台灣人,0,0,0
N567,台南彭于晏前來報到,0,0,0
N290,你是擅長原地發呆的朋友呢！,0,0,0
N1166,87張衛生紙,0,0,0
N47,退宿啦 搬出去 噁心死又沒水準,0,0,0
N1472,不好洗是真的，但所有人體工學椅都有這個問題。,0,0,0
N756,招歌  那是中國地名  你輸了,0,0,0
N1840,建議全採網路實名制即可解決,0,0,0
N790,會發芽變成肉靈芝,0,0,0
N1395,還不錯啊 不過麥香魚的評價一直都很兩極就是了,0,0,0
N1049,有蘿莉+正妹這樣就很好了 你還想玩他喔,0,0,0
B143,他 會不會 一直 想 跟 妳 發生 關係 ？ 如果 有 ， 我建議 還是 分手 吧 ！ ,0,1,0
C349,可跟我聊天的內容都是要死，我好難過。,0,0,1
N527,所以說阿，美國可能有透露不幫忙也沒能力擋武統了,0,0,0
N744,就是腦筋不清楚的那些人,0,0,0
N1478,個人吃過覺得還好,0,0,0
N423,肥宅就算是30CM還是很臭沒人買,0,0,0
N1273,金牌啊啊還有台灣的啤酒很便宜好嗎,0,0,0
N449,台灣都更就是兩邊都想吃最多，結果緩慢沒啥進度,0,0,0
N658,只是派人去當大樓管理員的保全公司,0,0,0
N1370,醒醒 那個男人不愛你,0,0,0
N28,最後請妳勇敢的一次，不為妳的家人，為了妳自己？好嗎。,0,0,0
N70,幼稚園畢業典禮我不知道在台上發什麼呆,0,0,0
N1433,鐵拳無敵孫中山 可以幹好多羅莉,0,0,0
N1172,食物過剩的時代前者比較好 大飢荒的時候後者比較好,0,0,0
N487,現在小學生遠足都帶K 保險套 避孕藥,0,0,0
N1156,未來的經營之神耶,0,0,0
N546,台灣大蚊?,0,0,0
N245,沒吃東西 沒有能量支撐 會先昏倒,0,0,0
N977,同時引出一些人的劣根性 無視別人的痛苦的雜碎,0,0,0
N859,這裡不是低卡,0,0,0
N1830,肥宅不出門是要買三小車?,0,0,0
N1878,我愛過痛過這寂寞無害,0,0,0
N568,因為西索小時後家裡很窮,0,0,0
N696,這篇超過五個回你  我騎在你身上搖,0,0,0
N88,呵呵 台積電經營方針就是不會去跟客戶競爭,0,0,0
N868,然後我去買第三張應該是八度空間吧? 馬上後悔了,0,0,0
N1473,一進西斯板就覺得快洩了。指尖洩出原力閃電。,0,0,0
N642,先休學暫避其鋒 等教授退休你又是一條好漢,0,0,0
A103,我承認剛開始交往的時候，因為遠距離的關係，所以我覺得沒那麼穩定，有時候就變成一種無理取鬧。然後就有幾次覺得心很累，撐不下去，想分了。,1,0,0
A22,我上禮拜去咖啡廳，遇到我國中同學,1,0,0
N1286,已經練到最高...膩了,0,0,0
N1865,成功高中什麼爛學校,0,0,0
N1002,兩津會弄一個阿發母狗來誘惑阿發狗 合體變四腳獸,0,0,0
N619,這兩種不難分好嗎？,0,0,0
N1665,有中間的啊 想法奇怪的人不行嗎？,0,0,0
N655,功殺小拉幹!,0,0,0
N1152,肥宅變帥哥的復仇,0,0,0
C329,我 沒有 把 自己 的 傷痕 透露 過 ， 因為 我 不 想 造成 別人 的 負擔 。 ,0,0,1
N19,我腦洞是不是太大了,0,0,0
N197,說現在當兵爽的真的有當過兵？,0,0,0
N1510,高雄現在都去瑞豐好嗎…誰跟你六合陸客夜市…,0,0,0
N783,就是有些人空有頭卻沒有腦漿不知道為什麼,0,0,0
N471,室設說成內設，建議讀國文系,0,0,0
N300,沒有盒發啥盒文啦,0,0,0
N1410,可使出直升機,0,0,0
N1551,我家優鉉是出了名的愛心創始人XD,0,0,0
C324,那天 晚上 跟 我 爸 說 我 有 焦慮症,0,0,1
N1060,還好我沒吃過 窮人家,0,0,0
N231,去耳機版 問華華大師,0,0,0
N139,通常很機車的課都會線性調,0,0,0
N434,因為台灣體系 他們是公務員身分卻沒公務員福利,0,0,0
A43,我以後一定要養一隻貓,1,0,0
N539,人比鬼可怕.........,0,0,0
A40,你初戀在幾歲？,1,0,0
N112,肥宅還要多吃幾顆柚子才會飽喇,0,0,0
N464,美國人跟台灣人審美觀不同 應該是兩邊都爽死了,0,0,0
N1565,新網王開場沒多久他就去德國了,0,0,0
N23,市長都做成這樣了 你還敢期望他做總統？,0,0,0
N1567,魯蛇 澳洲觀光客 邊緣人 想刷存在感的假掰人,0,0,0
N1390,ps4,0,0,0
N1110,然後順便酸南部人不懂知恩圖報只會選冥進凍....,0,0,0
N798,海大商船 邊緣人首選,0,0,0
N61,我也覺得很煩==,0,0,0
N718,還有做過雞腿竹筍湯 喔喔,0,0,0
N1399,你覺得很爛  但是他海外賣的比美國還好,0,0,0
B230,你 這些 話   完全 是 我 心 裡 所 想 的 ...,0,1,0
N1841,自己的神曲還被人亂冠作者,0,0,0
N614,騙妹子10k 小模案那傢伙都行了 沒理由宅宅不行,0,0,0
N1555,醫師證明你說假的，X光片你大概也會說假的，無解,0,0,0
A116,我也很喜歡騎車可以抱,1,0,0
N27,這一切的相關法律會有委任律師幫助以及告訴。,0,0,0
N682,印度支那不就是中南半島那邊,0,0,0
N881,你已經不是孩子了 變成發紅包的角色時 就只有負擔,0,0,0
N1695,早午餐店是吃氣氛的 讓你舒服的吹冷氣看雜誌,0,0,0
N1199,我一直覺得那個團就女的就好了兩個男的很愛演,0,0,0
N1015,我剛剛還想說大概是甚麼柱柱姐講過的話查了一下才知,0,0,0
N1483,支那9.2少趁機吃台灣豆腐  誰跟你中國一部分？,0,0,0
N1200,別結婚，自己好=全家好！,0,0,0
N957,著喜樂感恩的心情靜靜等他回來移車，切莫騎上車道,0,0,0
N114,你說的是被比喻成風中蟾蜍 阿珍嗎？,0,0,0
N1642,kellymochi我老婆,0,0,0
N475,投降錯人吧，怎麼沒有被鬆綁好酒,0,0,0
N1298,房屋稅一口氣漲三成 馬政府恐為國民黨執政畫下句點,0,0,0
N1637,電機也分組阿 你歧視機械系?,0,0,0
B200,從來 沒有 人生 完美 無缺 ， 只是 我們 都 需要 找到 懂 自己 的 人,0,1,0
N293,只剩揮散不去的難過,0,0,0
N1385,すき家的味道跟在日本吃到的幾乎一樣,0,0,0
N1591,母咪智障滾,0,0,0
N1850,+365的感覺,0,0,0
N1646,真的 真理奈都沒戲份 紗奈都比她多了QQ,0,0,0
N1300,之前有人說他會開槍，被體檢醫生轉去當替代役,0,0,0
N1210,上班不要發費雯,0,0,0
N488,沒學過生物的理組膩，還舌頭zzZ,0,0,0
N126,這是中華隊第二把刀，放心,0,0,0
N1180,總共104天的暑假yo到來哪裡悲慘,0,0,0
N226,代表賣毒很好賺阿,0,0,0
N559,破壞死光的先驅者,0,0,0
B183,所以 我 覺得 他 講 的 理由 完全 不能 說服 妳 的 疑慮 ， 所以 退讓 只 會 讓 妳 憂鬱,0,1,0
N440,外國人在夜店15 分中內就跟台妹接吻了。,0,0,0
N1158,幹 昨天吃鍋貼吃豪飽><,0,0,0
N678,版主一堆爭議作為 全躲著等風頭過了才出來裝傻,0,0,0
N124,他會叫你改玩改玩神族或人類,0,0,0
N526,又不是一直下  趁雨勢較小時拿傘出去走走就好了,0,0,0
B238,身體 上 的 出軌 和 精神 上 的 出軌 比較 介意 哪一個 ？ ,0,1,0
N83,法院國民黨開的啊,0,0,0
B257,會放下的不要因為一個人讓自己這麼痛苦,0,1,0
N392,你想得太簡單了,0,0,0
N708,就是你阿 滾去自殺就辦得成,0,0,0
N1629,是木柵到動物園有狗闖入，辛亥到動物園斷電,0,0,0
N108,哈哈哈 超可愛的,0,0,0
N175,騙他說保險沒開,0,0,0
N1694,有啊 考上之後就會發現隔年剛畢業小妹妹很可愛,0,0,0
N1250,我同學畢業即分手  馬上換新的  嫉妒,0,0,0
N987,先吃個雞排奶壓壓驚,0,0,0
N1282,廢 我抽中小筆電 去領禮物的時候順便提離職,0,0,0
N677,上古5 任務永遠解不完 每次探索地圖都會有新發現,0,0,0
B222,現在 當 父母 真 慘,0,1,0
N942,心靈馬力+10,0,0,0
N840,升高中考試會分類 不用擔心好嗎,0,0,0
N1361,左手大拇指 我都用他挖鼻孔,0,0,0
N1160,摩托車拆消音器改管,0,0,0
A107,我明明超暖耶，成熟是必要的好嗎,1,0,0
A273,是那種不喜歡跟男友黏TT的女生,1,0,0
N20,不要秀下限欸,0,0,0
N1715,我跟你講白的 無解喔 愛心位置在那一塊就是無解,0,0,0
N1186,沒朋友邊緣人肥宅用什麼手機,0,0,0
N643,車流多的時候重機從汽車中間鑽過去。。。,0,0,0
N1039,事實上國高中生崇拜補習班老師比比皆是,0,0,0
N815,應該是有加松阪豬肉的魚頭鮮菇鍋吧?,0,0,0
N229,國際懶叫拍賣會啊，上次一個華裔懶叫拍到3萬鎂,0,0,0
N309,去問台北r先生呀，他說他想打槍射在你的包呀,0,0,0
N130,鍋貼店腦闆：連我都比你還懂，鍋貼都煎好等了,0,0,0
N431,將臣超帥!!! 人王伏羲也很屌，覺醒後所有人跪拜,0,0,0
N1322,醫院的護士穿成那樣你也能硬 那尼姑你應該也ok吧,0,0,0
N591,不 想 吃 台 灣 米 的 外 國 人,0,0,0
N493,你有沒有想過是A的標準比較高 寧缺勿濫,0,0,0
N893,不知道在哪的學店 還算有聽過名字,0,0,0
N1568,不要穿就好了，你同事也不敢說甚麼,0,0,0
A31,你等等開網路借我沒去繳費,1,0,0
N1736,有的免費葉配貼圖還算不錯 之前有香菇頭就很多用,0,0,0
N1522,問你自己啊,0,0,0
N1791,教主在建中都吃什麼,0,0,0
N317,說實話動不動吵人權的都是自卑感作祟,0,0,0
N826,都不知現在的人是斷幾代了,0,0,0
N240,工程師面試的人很多啊,0,0,0
N1003,散裝蛋真的便宜超多,0,0,0
N1833,現在都開台越來越便宜 餐飲越來越爆幹貴,0,0,0
N681,看在那裏打..在貪婪之島除了桐人.沒人打得過GM,0,0,0
N525,吃包子記得喊霧霾 這樣才顯得好吃,0,0,0
N33,母湯。,0,0,0
N373,看過  劇情滿悲哀的,0,0,0
N965,看到聯合報那篇就想笑,0,0,0
N407,選訊號好的+1,0,0,0
N1083,敢問T算在哪邊,0,0,0
N792,其實在人類出現之前 聲音更大聲的已經滅絕了,0,0,0
N1142,除了醫牙中好，藥還可以，其他就學___程度,0,0,0
A67,謝謝 已 收藏 ， 好 美 ,1,0,0
N133,哈哈 中夭 跟本不是新聞台是娛樂台 專門自慰用,0,0,0
N934,早就被幹到又黑又外翻了,0,0,0
A56,你在幹嘛,1,0,0
A26,我是  某天早上被床搖醒...  ,1,0,0
N1381,鬼而已 沒什麼,0,0,0
N429,第一次打開很興奮 結果發現被騙,0,0,0
N1804,先學打22張,0,0,0
B208,階級 會 複製 背後 最 大 的 原因 也 是 因為 爸媽 會 把 自己 的 觀念 傳授給 下一代 ,0,1,0
N1821,才要去看是雷三小,0,0,0
N627,證照=用錢換的 錢很重要沒錯啊,0,0,0
N551,日本的報案率好像不到一成?台灣因該不會高到那裡去,0,0,0
N1799,照片看起來好噁  路邊攤少吃,0,0,0
A348,我跟妳說我早上看到三隻貓在曬日光浴,1,0,0
N1549,這種要完全脫身很難..等等 這裡是台灣,0,0,0
N763,跟他說你想吃烤塵蟎，一定要曬,0,0,0
A280,我是那種在公共場所很注重大家感受的人,1,0,0
N1784,__ __  話多,0,0,0
N1711,如果保養的不錯~~是真的很誘人,0,0,0
N298,你曾是我的全部,0,0,0
N198,挺多人按不喜歡的,0,0,0
N693,分類啦 幹幹幹,0,0,0
N653,最不要臉的人是嘴巴哭么一堆又想一直想去看,0,0,0
N1358,周杰倫 王力宏,0,0,0
N786,肥宅的子孫袋捏起來比較舒服,0,0,0
N816,被帥哥跟歪國人幹吧…,0,0,0
N1431,殺完台灣人，老了再領台灣人的稅金享清福囉,0,0,0
N1582,分類啦幹！,0,0,0
N739,認真說 男性被強暴的黑數更多,0,0,0
N183,超級政治正確人 誰敢動啦,0,0,0
N618,這個秘密價值一千兩百萬,0,0,0
N670,約好了 戰完才乾了這杯 這就是溫酒斬華雄的由來,0,0,0
N219,八掛啊 靠林鳳營就能開跑車,0,0,0
N342,好吵 不喜歡,0,0,0
N1476,先打得贏軍閥再說,0,0,0
N498,統神念丟的音 DIU,0,0,0
N1192,付錢的時候到了,0,0,0
N1507,你錯了 代表他很愛你 你有機會再見他一次了,0,0,0
N288,四輪水準不意外 有什麼資格禁止機車上國道,0,0,0
N1242,生理假一個月一次給您參考,0,0,0
N1680,會買那種書 都是潘那啊,0,0,0
N97,我張啟山可是長沙最厲害的人物 沒有之一,0,0,0
N980,馬的 可以肉搜這個人嗎？ 真想看看這是個怎樣的人,0,0,0
N127,吃兩天不夠 你有吃三天嗎?,0,0,0
N1602,你的手怎麼出國,0,0,0
B171,我 自己 一定 是 會 把 結婚 看 得 很 慎重 的,0,1,0
N424,賭十萬跟你買，先收貨後付款，如何？,0,0,0
N1679,不要惹王蟲森氣氣,0,0,0
N312,好恐怖=.=,0,0,0
N846,現在講這種都中年老頭了  手遊才沒有這些,0,0,0
B188,我 相信 絕大 多數 人 對於 感情 的 看法 都 是,0,1,0
N1,這樣也能愛心破萬,0,0,0
N814,應該是昨晚被凹咖到抽筋   現在很痛吧,0,0,0
N714,去問好龍賓它爸啊  他決定的,0,0,0
N1223,第二句不管哪組一堆人都這樣，總不可能交白卷吧,0,0,0
B282,還沒考上台大就跩成這樣，我覺得考上後你有更多苦要吃,0,1,0
N1407,阿醬你不也是萬客隆時代的人,0,0,0
N622,正版 我給你幹,0,0,0
N1745,大驚小怪 外痔喇,0,0,0
N1514,台灣人本來就是東南亞人種,0,0,0
N352,你搞錯了吧，是老福和華生有一腿,0,0,0
N1597,是開放國際人才，什麼外勞,0,0,0
N712,抱著貓無感,0,0,0
A178,我們把 生活 公約 貼 在 門 上 ， 提醒 大家 要 記得 ,1,0,0
N1281,你確定不是^Q^?,0,0,0
N1534,現在美國好像還有,0,0,0
A8,我最近超喜歡吃鐵板燒,1,0,0
N671,他都不用處理公務整天到處砍人 不是殺人魔就虐待狂,0,0,0
N929,撈錢了 以後的台灣就像偏鄉一樣 剩老人跟魯蛇,0,0,0
N1879,玩殺時間糞game剛好,0,0,0
N235,馬芙丸也還沒死啊,0,0,0
N109,我國規定每100公克不超過0.3公克即可標示為零,0,0,0
N135,你進到考場 假裝認真作答 即使最後交白卷,0,0,0
N306,最好是台灣人不會生那麼多，戰後大家都很會生好嘛,0,0,0
N113,我有聽過跟自己乾女兒修幹爽到往生的 給您參考,0,0,0
N1787,大和民族最高,0,0,0
B237,你 覺得 這 世界 上 有 分身 的 存在 嗎,0,1,0
B157,結婚 後 家庭 會 是 生活 重心 很 重要 的 一 塊 ， 也 可能 會 是 你 花 最多 時間 的 地方,0,1,0
B151,不然 一直 挑戰 會 擔心 的 人 底線 ， 遲早 會 分手 ,0,1,0
N1360,尼怎莫知道 已經心滿意足了ㄏㄏㄏ,0,0,0
N507,說是機智其實也就是醜人的刻薄 畢竟這世界醜人多,0,0,0
N149,ㄎㄧㄤ 明明就是幹走東西的意思，是在衝沙小,0,0,0
A66,包包 超 好看 的 耶 ！ ,1,0,0
N1526,上次我點一份無骨的。結果吃到骨頭,0,0,0
N1148,蔥麵包才是王道  肉鬆超棒  鮪魚起司超耐吃,0,0,0
N64,中國經濟發展也確實在幾年前就超越台灣,0,0,0
C330,我 一直 覺得 活 著 好 累 ，很想放棄。,0,0,1
N933,蕊颼颼嘻兜嘻啦 颼啦嘻嘻嘻嘻啦嘻啦颼,0,0,0
A49,我要來去幫中華隊加油,1,0,0
N1023,連勝文那樣吧，西裝筆挺的，人模人樣,0,0,0
N201,很好 女生屁股有線的概念嘛！,0,0,0
N87,誰 哪時候發生的,0,0,0
N1684,中國人怕鬼 鬼怕中國人,0,0,0
N1885,幹！當然是弄硬再吃呀！,0,0,0
B209,貧窮 真的 不 是 問題 ， 教育 才 是 問題 。 ,0,1,0
A25,是我的話我會帶著手機到廁所去解決,1,0,0
N571,台北很多地區沒有規劃啊 就人一直進來到處亂蓋,0,0,0
C312,後悔 輕易 放棄 了 某個 愛好 ,0,0,1
A296,我 也 算是 正在 面臨 放下 的 階段 吧 ？,1,0,0
N1723,你就大喊 失火啦 快點逃啦,0,0,0
N545,就像洛杉磯人愛嘲笑底特律人一樣啊，工業廢城,0,0,0
N1839,別說漢娜是鯛民老婆啦，日本大叔會森77,0,0,0
N522,出來互相傷害啊,0,0,0
N459,呵呵，滾吧…屁孩,0,0,0
N1170,不4 先爽先贏 怎麼可能後天下之樂而樂,0,0,0
A124,紅豆粉粿好ㄘ,1,0,0
N1560,來吃飯的 要吃飯回家吃(經理親口說的),0,0,0
N1396,甲甲就是不正常，有病要去看醫生啦。,0,0,0
N1081,這是哪一位學妹,0,0,0
N1355,情傷男人有股特殊魅力，快斷頭,0,0,0
N1471,現在這種時代還有人在講崇拜  真是令人吃驚,0,0,0
N188,你要看女生的臉 有 掩嘴竊笑還是 一副噁心的臉,0,0,0
N631,賽妳老師啦,0,0,0
N1683,可惜台灣都是隱形襪+混搭,0,0,0
N394,都排滿了吧,0,0,0
N1739,根本還沒開打  你先去看眼科啊,0,0,0
N1854,免錢歪fi,0,0,0
N1707,假裝讓位給隔壁阿婆 賺取好感又能看胸 ㄧ舉三得,0,0,0
N454,牛排肉汁會把麵衣弄濕最後是麵衣糊爛而已 沒意義,0,0,0
N1378,媽媽的子宮,0,0,0
A123,男友是我初戀,1,0,0
N1279,以前有真的鮮奶茶，根本無敵，但現在換了有差,0,0,0
N1088,以前靠這練 perl 練到開竅。惠我良多,0,0,0
N1335,我女友的手~,0,0,0
N1743,認真回，嘉義往南蓋新首都,0,0,0
N1702,殺貓那麼爽的事不做？有事嗎？,0,0,0
N1662,這不是點兔騎士團團長嗎?,0,0,0
N1575,8千? 台戰笑而不語,0,0,0
B213,其實 我 也 一直 認為 塑膠 並 不 是 不 好 的 東西 ,0,1,0
N917,報警送去關啊 還要我教,0,0,0
N1778,有錢才會選騎士 練騎士很花水錢 也要買一堆物資,0,0,0
N76,(づ′・ω・）づ 那女孩對我說,0,0,0
A120,這個好可愛 想問哪裡買的,1,0,0
N264,咪路 de 碰,0,0,0
N1352,8萬醫藥費應該是問題癥結點  是傷到哪?,0,0,0
N907,視你媽頻　一堆人真的用支那用語用的很開心,0,0,0
N1808,簽名檔蠟燭沒變色呀,0,0,0
N875,肥宅看不起的是自己,0,0,0
N1010,你說的技術都是當初日本人美國人的技轉,0,0,0
N878,愛舔妹妹錯了嗎,0,0,0
C321,這 跟 尊重 是 兩 碼子 事 ， 一 開始 你 知道 還要 強壓 在 心理 ？ ,0,0,1
N639,被織夢師陷害 人被留在穿越時空的過去啦,0,0,0
B165,覺得 妳 在 這樣 的 關係 中 有點 傻 而且 被 自私 的 他 吃 死,0,1,0
N1685,因為沒寫到，所以想吃的佛教徒就可以找理由吃了。,0,0,0
C333,努力 活 一 把 ， 真的 不行 了 再 跳下去 ,0,0,1
N1614,恭喜大大喝到好茶,0,0,0
N1610,(椅褒黰봩」,0,0,0
N1095,這說明台灣的稻米水果木林都運到日本祖國去,0,0,0
N912,白狼統促黨徵人~攜帶黃金出國(日本、中國)旅遊團,0,0,0
N785,就像看花田少年史動畫日文版讓我覺得根本沒感覺一樣,0,0,0
N207,說你是甲甲,0,0,0
N1017,打卡後翹班,0,0,0
N748,這廣告有剪過 其實鴕鳥飛起來後沒多久就爆炸了,0,0,0
B175,做自己的時候交到 的 不管 是 朋友 還是 情人 ， 才會會 是 你 想要 的,0,1,0
A98,我也喜歡抱抱，但我只有棉被,1,0,0
A105,我個人習慣提前劃位，因為住影城附近而已,1,0,0
A86,好想睡覺，兩天沒有睡覺了,1,0,0
N966,82年9月7日生喔,0,0,0
A111,如果我是一個外國人 朋友去一趟台灣回去一直對我狂說中文 而我們都是英語母語者 大概也會有一樣的心情,1,0,0
N374,還好聽過ㄌ！,0,0,0
N215,聽說義大一直說虧欠賣掉後還倒賺3000萬呢,0,0,0
N366,你想像一下雞排+美乃滋+酸黃瓜什麼味道就知道了,0,0,0
N1197,于禁單中不給就跳,0,0,0
N1340,頂好明明就有，有一間小農的牛奶就有順便出羊奶,0,0,0
N1377,選100%即死 結案,0,0,0
A87,我跟他們出去玩一下喔,1,0,0
N941,好吧看在你有補的份上我就算了,0,0,0
N1441,綜合課吧 根本湊時數 只是媽媽不想見你而已,0,0,0
N1033,據說是詐騙集團測試此號碼是否有人使用,0,0,0
N898,禿頭軟屌又有新老公了哦 噁噁噁,0,0,0
N509,他說高職很混 拚一下後來就上高應了 ……,0,0,0
N501,到爽要700是怎樣,0,0,0
N196,鐵甲團都已經能跟政府聯手 合法殺人了...,0,0,0
N1173,德國 法國人出生也先學英文嗎,0,0,0
N637,每天玩社團 做美術 沒人在唸書 結果成績全國第一,0,0,0
B149,我覺得在一起開心最重要,0,1,0
N131,想幹你的意思,0,0,0
N1206,時間就是金錢 朋友,0,0,0
N371,所以26都說讓讓不會說借過,0,0,0
N524,媽的 搶不到票啦幹,0,0,0
N236,他鄉巴佬沒吃過  你問他生魚片是不是好很吃,0,0,0
N1070,有理想中的女朋友，但我現在連女性朋友都沒有,0,0,0
N1436,共產黨高幹哪裡共產?個個富可敵國,0,0,0
N1240,當成力來看的話，你會一直搞到腦袋打結打死。,0,0,0
N132,叫中華隊888的意思,0,0,0
N452,餌太差，不如問空中飛行時數,0,0,0
A18,我禮拜日去君亭家，剛剛她跟我視訊,1,0,0
N1427,日劇 而且是醫療類的,0,0,0
N172,一定不一樣 膚感曲線差太多,0,0,0
N1881,還好是事實陳述,0,0,0
N1469,有可能是外來種 在水下會產生黏膜 能活好一陣子,0,0,0
N368,街亭啊 今天沒什麼人問,0,0,0
N1687,什麼時候有這隻的? seo?,0,0,0
N1412,時本來就會淹沒，甚至到路邊。忠明南路旁的麻園頭,0,0,0
N1800,新蘿拉，乳量不太對,0,0,0
N393,腦癌機率高，做好手術心理準備,0,0,0
N555,跟他們講我們是同一國的,0,0,0
N310,我要幹死你,0,0,0
N1302,就跟女生戴安全帽+口罩直接變正妹一樣,0,0,0
N740,#你想幹嘛,0,0,0
C308,後悔 沒有 珍惜 一份 感情,0,0,1
A5,假日你想要幹嘛？,1,0,0
N1817,限定 最後一件 特價,0,0,0
N1346,對岸進行式 然後...你想跑 別人不想嗎,0,0,0
N1196,他其實是現在中國論述進化的一個指標，以前都胡扯,0,0,0
N262,日本依然是世界幾大強國之一 台灣排老幾...,0,0,0
N1748,草船借箭是幫吳國吧,0,0,0
B253,我覺得他應該學著尊重意見不同的人,0,1,0
N734,台中不是還有李綜合醫院,0,0,0
B176,我覺得不 舒服 的 地方 就 溝通 一下 好好 講,0,1,0
B278,我覺得會care已讀不回、回太慢什麼的。都是沒自己生活的人欸,0,1,0
N1103,教授作帳假發票，職業學生看報紙才知道。,0,0,0
N1797,先從打開始  還我漂漂拳,0,0,0
N858,陪打 沒你的事 不要想贏 不要放砲就好,0,0,0
N34,世界陰暗的角落中總會衍生出一絲光明,0,0,0
A102,我母胎單身,1,0,0
N1605,依照國際法 台灣是不是中國的一部分由台灣人說的算,0,0,0
N1876,會保養的不錯！那種嫩嫩的感覺還能保留就是極品了,0,0,0
N209,人多必有白痴,0,0,0
N1523,沒有資料,0,0,0
N232,雙子座 這個月或下個月會生日,0,0,0
A58,我超討厭韓國人，超級討厭,1,0,0
N1686,日本名 高丸縮水 外國名 高丸痛楣牧惜˙,0,0,0
N515,你可以從後面找到一個洞然後幹她,0,0,0
B225,我 覺得 既然 妳 很少 做 家事   那 就 沒 資格 抱怨 妳 出 比較 多 錢 。,0,1,0
N1000,妳又沒和我說投降不是嗆她大哥很嗆??錢,0,0,0
N1539,窮人沒事只好打炮阿廢話,0,0,0
A55,如果 你 中 頭獎 ， 第一件 事 你 會 做 什麼 ? ,1,0,0
N1700,什麼時候能結束成果發表會,0,0,0
N1135,一個人住太無聊，然後常常請我們去吃飯煮火鍋之類的,0,0,0
N1031,這群人我認為是東夷人 在進幾千年擴散到東南亞,0,0,0
N1474,加班賺錢阿 還要問,0,0,0
N69,如果不放心建議去尋求專業協助，你一定會好起來的,0,0,0
N451,估狗一下就有錢賺,0,0,0
N809,第一個晚上最難睡，其他還好,0,0,0
N722,你一定是南部人，南部人最怕冷了,0,0,0
N789,去一堆無人版發自我介紹文啊,0,0,0
N173,肥醜憂鬱龍才辛苦吧 死了都沒人鳥,0,0,0
N1600,戰車開出來,0,0,0
B169,瞭解 自己 和 能 決定 自己 是 誰 更為 重要,0,1,0
N768,不愧是洗腎王國台灣,0,0,0
N1677,、沒有升級，我這樣配都升級了～～是我最喜歡的組合,0,0,0
N364,往生堂…台灣國語發音就會變廣生堂,0,0,0
N315,貧民窟不意外,0,0,0
A95,可以的話可以麻煩你嗎…我真的好苦惱,1,0,0
N1414,你們工讀生需要教育訓練惹,0,0,0
N490,安卓和windows人數完全屌打ios,0,0,0
N121,然後套餐裡還是會綁1/3的蚊子頻道，業者沒那麼笨,0,0,0
A110,現在目前來打工個多月，狀況是都還不錯。,1,0,0
N952,我自己的姓怎麼會不知道 謝謝關心,0,0,0
N713,阿姆羅哭哭,0,0,0
N1635,好像有種並會這樣,0,0,0
A127,我超支持婚姻平權好不好⋯,1,0,0
N762,真弱耶，這樣也軟,0,0,0
B152,我都是在其中找到一個平衡點，不然自己心裏也不好受,0,1,0
B215,成就 財富 可以 輸 ， 人品 道德 一定 不行 ,0,1,0
N1734,醫科的文憑叫醫學士 其他是理學士,0,0,0
N663,溫水洗臉後 去角質 再上刮鬍泡 然後扁嘴,0,0,0
N1185,由肥宅組成 肥宅黨 來治理才是最佳,0,0,0
N1880,那個哥哥是不是很喜歡打斷別人鼻樑？,0,0,0
N1632,他只能扮正恩,0,0,0
N1389,跳樓死了啦,0,0,0
N277,演算法關聯 表示你聽的歌跟空幹王很像,0,0,0
N866,哪台在播？,0,0,0
B254,我比較認同你的觀念....,0,1,0
N1255,學兩津那樣穿不就好了,0,0,0
N1705,當葛驕傲ㄉ肥宅，好ㄇ,0,0,0
N1382,為什麼有人要花2499去跟人家擠斷線QQ,0,0,0
B179,這 是 尊不尊重的問題,0,1,0
A53,你 喜歡 去 哪個 國家 玩 ? ,1,0,0
B195,你 可能 覺得 破壞 別人 感情 不道德,0,1,0
N1638,跟痴心絕對一樣,0,0,0
N222,司機問題，停車聯結器沒拉緊，起步會頓比較大力,0,0,0
N1332,不要問 很可怕,0,0,0
A11,哩賀,1,0,0
N163,你是托運行李嗎 海關？,0,0,0
N218,這有啥難的 分類表這麼簡單的東西看幾遍就會了,0,0,0
N1536,天龍人甘願租貧民窟 也不去台南住豪宅吧,0,0,0
N1350,97年有很多的香港人都變成加大國籍,0,0,0
N1271,看成唐老鴨,0,0,0
N503,她唱小雞小雞時 我真的超硬der,0,0,0
N1272,你去問各國政府，台灣是不是中華人民共和國的一部份,0,0,0
B248,我是覺得男友問題比較大,0,1,0
N258,圖檔很多人有  寫真集就不知道,0,0,0
N1816,老闆應該一輩子看到甲甲或聽障都賭爛吧,0,0,0
N1032,不是不吃 是不想跟你一起吃,0,0,0
N330,"兩個都台灣人 什麼叫""尹馨根本就是台灣林熙蕾""?",0,0,0
N984,老又有能力的人？台灣不當管理職沒前途,0,0,0
A97,好喜歡怪獸小嬰兒ㄛ！好可愛,1,0,0
N367,大陸救護車 一台30萬差不多啦 沒啥設備XD,0,0,0
N983,我只知道不要吃冰而已，其他不清楚,0,0,0
N1313,為什麼你要到兒童樂園去玩？,0,0,0
C298,這 是 我 學生 時代 留下 的 陰影  ,0,0,1
A60,我 討厭 別人 對 我 指指點點 ,1,0,0
N345,原來你一直活在我下的棋裡,0,0,0
N150,要多肉的話不如養一隻肥宅，還可以吃,0,0,0
N1678,美國刻意與英國不同，才出現左駕,0,0,0
N978,沒罪就全部都找來開派對啊 多歡樂,0,0,0
A44,我最喜歡狗狗了,1,0,0
N726,巴哈阿 找遊戲攻略的,0,0,0
N1309,營業不良的徐錦江,0,0,0
N1226,我超溫柔的☺   啊你ㄊㄇ最後一句是在嗆三小啊蛤,0,0,0
N1764,耶和華見證人,0,0,0
N1550,出包常看到最後用一隻手在看 很不方便,0,0,0
N1541,宅鳥 有發錢程式,0,0,0
N926,會啊，世界是庸俗的,0,0,0
A51,我最喜歡綠色了,1,0,0
B345,我覺得你不用覺得抱歉耶,0,1,0
N1570,韓國比較一致 日本有些人的品味只能說奇裝異服,0,0,0
N900,認真說 肯定有 因為司機開車前一定要檢查車子,0,0,0
N870,鄉民一詞唯一解釋：常駐八卦板的廢物宅男,0,0,0
N1621,就跟會說二次元腳色是我老婆一樣的人,0,0,0
N1518,黑男 打錯,0,0,0
N30,喔～我會記住的！謝謝妳,0,0,0
N1558,命題錯誤 問題不在於幾歲 而是看不看低能卡,0,0,0
N1762,學會很多人不會的火球術,0,0,0
N1819,小心手機螢幕壞掉,0,0,0
N1627,我以為天龍都幸福企業 今天應該要補假阿,0,0,0
N1157,一樣的再過一次幹嘛 當然要不一樣啊,0,0,0
N1343,點老闆娘的炸奶子,0,0,0
N353,加入情緒才算是機器人突破,0,0,0
N416,E-2D 表示： 我造價比你貴三倍，最強！？,0,0,0
N1364,論打仗，國民黨雖然不太行但對付台灣人綽綽有餘，你,0,0,0
N1339,其是hummus是我的最愛，我在台灣也會自製,0,0,0
N842,google台灣 看出現什麼 就是了,0,0,0
N1046,先摸36圈再走,0,0,0
N565,手指縫插刀子就好啊,0,0,0
N616,關智一和林原惠那首叫啥去了?,0,0,0
N923,如果易小川沒有阻止的話...,0,0,0
C313,我 媽 對 我 很 好 ， 但 還是 免不了 他 深夜 喝 酒 把 一些 怨氣 發洩 在 我 身 上 ,0,0,1
N1425,曹操被孔融酸愛玩人妻，然後孔融就死掉了,0,0,0
N1188,跑跑丁卡車，專門逼車剪車的三寶，8+9最愛的工作,0,0,0
A90,我吃20顆水餃跟一包泡麵喔,1,0,0
N1392,跟剛去世的吃黑輪被拍到一樣假,0,0,0
N4,妳還笑！,0,0,0
N1222,塞屁眼去醫院的新聞已經十幾年沒看到了,0,0,0
N610,我們中正沒說話誰敢說他們比我們還沙漠,0,0,0
B255,其實我覺得前半段都算是有道理的,0,1,0
N1055,沒什麼才華的普妹，連顏值也普通,0,0,0
N1125,進入星守班要先經過選拔,0,0,0
N660,真正的好電影 不是看影評好壞的 說我帥 太。沉重,0,0,0
N1515,學姐是不是柔道社社長 ？,0,0,0
N959,凱達格蘭大道最愛夜市,0,0,0
N1566,隨便 牛肉麵比賽有得名的別吃就好,0,0,0
N1190,偶像女團哪一個短時間賺的贏三上的?,0,0,0
B275,我覺得就互相吧，有什麼不喜歡就說出來,0,1,0
N602,到底誰殺的....後面明明一堆人跟關羽打平,0,0,0
N78,那間外商在台灣還一堆分公司勒...,0,0,0
N102,給給這張好讚,0,0,0
N727,可以寫小說阿,0,0,0
N540,能為台灣賺錢 我再說好看 馬上給個讚,0,0,0
N812,在國外超市買食材貴不了多少，很多東西還比台灣便宜,0,0,0
A113,我以前也特別黏我男友，很誇張的那一種，就是就算他花了快一整天陪我，但他突然說要去玩遊戲我就會委屈到爆炸,1,0,0
N683,興農門市範圍也才中部而已，根本沒有幹掉的問題,0,0,0
N1587,幹你媽怎麼那麼快,0,0,0
N1191,家標準一致再出來鞭人吧，剛騎滿一年兩個月，兩萬二,0,0,0
B243,親密 關係 的 一個 重要 價值 在於 交流 並 相互 理解 和 接受 彼此 的 感受,0,1,0
